Date,Forecast,Lower_Bound,Upper_Bound
2014-01-03,1152.9485214973236,-1507.1692916093768,3929.1333461470263
2014-01-04,1066.9211143087402,-1957.7028495696954,3689.4654632674255
2014-01-05,986.9049670821692,-1788.3910664019843,3854.996442567196
2014-01-06,913.9668783109948,-2077.2216369736025,3805.6673173192385
2014-01-07,849.0410383919458,-1741.770462340113,3727.1393746499175
2014-01-09,746.1644938895398,-1814.8515515333265,3441.2685122388975
2014-01-10,709.2280962009967,-1965.9217056593845,3499.2384610802305
2014-01-11,682.304741753496,-2082.230951803393,3502.1553589225523
2014-01-13,658.274126808212,-2116.1038595705872,3242.8476961404485
2014-01-14,660.5257969698273,-2244.395971679535,3539.920238274496
2014-01-15,671.5186577711984,-2095.79151430706,3110.037803914179
2014-01-16,690.4343979488576,-2082.347590990718,3413.5273440593505
2014-01-18,747.9183431328328,-1940.5102828054223,3423.9150867558706
2014-01-19,784.0753372721773,-1997.2262886656515,3352.4077219013
2014-01-20,823.3867934985012,-1773.536444519643,3665.1677306995807
2014-01-21,864.4206285681315,-1898.0865277684438,3496.8068217415407
2014-01-23,945.7974603827731,-1753.5055774551338,3644.6163672704015
2014-01-26,1044.937308953389,-1806.2989801239553,3797.3554678136215
2014-01-27,1066.8015518906466,-1781.6250325470364,3818.06037360655
2014-01-28,1081.3523621232443,-1692.5358501916196,3807.0671730521562
2014-01-30,1085.6520988187021,-1653.4038072146334,3711.0135369311124
2014-01-31,1074.5053242108775,-1724.7200517464526,3816.3909530271653
2014-02-01,1054.279937589317,-1845.3717435913861,3819.5405671201584
2014-02-02,1025.112923779535,-1906.2948080046206,3882.1383189631238
2014-02-03,987.3799373473151,-1910.704514739724,3670.3026619168572
2014-02-04,941.6892220776219,-2121.567862950195,3685.437216944981
2014-02-06,829.9555793302794,-1829.1292796620307,3547.1529767729935
2014-02-07,766.1614874142547,-2019.0331752973198,3560.3029662594445
2014-02-08,698.8591996854683,-2074.59769484792,3565.466613420359
2014-02-11,491.3020821628828,-2398.16740097196,3152.3149789034146
2014-02-12,425.68352150115516,-2297.126851037455,3212.982016542741
2014-02-14,309.65035392961136,-2592.9681560262393,3065.239894224447
2014-02-15,262.32321206773395,-2422.7409280808847,3020.708146298579
2014-02-16,223.99012113989556,-2660.2777453833546,2994.4310300836464
2014-02-17,195.85939772293204,-2552.947393474857,2841.413867270566
2014-02-18,178.95029495588074,-2670.512364566452,2903.2235611972883
2014-02-20,181.78668035072587,-2661.886185861139,2880.1100057056237
2014-02-21,202.42951982502336,-2378.7297288202035,3094.0759628149685
2014-02-22,236.06528627315765,-2638.2297990146753,2883.225449532468
2014-02-23,282.5024336717868,-2400.972904365489,3013.8508783122365
2014-02-24,341.29232939740996,-2540.923824694515,3214.0614416899684
2014-02-27,583.6517081432996,-2340.203046692484,3390.563804707196
2014-03-01,788.35188654097,-1963.8621852793594,3504.35584148047
2014-03-02,899.1710658586702,-1979.3292274297266,3657.742869270215
2014-03-03,1013.3607303803368,-1911.9110149096396,3823.2515670098014
2014-03-04,1129.129060771806,-1623.4118753644066,3812.5393143491788
2014-03-05,1244.6608795416869,-1403.8142051341588,4284.745389002614
2014-03-07,1467.8630316093042,-1529.3583953785956,4106.319673809662
2014-03-10,1758.2714357858777,-931.7039992908501,4519.428217402461
2014-03-11,1837.5560267547842,-1098.7212405246376,4620.522035231875
2014-03-14,2008.7519746330195,-660.7829750538067,4756.335577875481
2014-03-15,2041.7024353039283,-745.3086814600222,4704.412076303578
2014-03-16,2062.2354450367347,-797.1152876737063,4735.456714387605
2014-03-17,2070.4873956038928,-790.7175960481558,4742.224514135574
2014-03-18,2066.819639776597,-819.3742895216614,4904.055846163779
2014-03-19,2051.8047651584616,-754.5611595280172,4913.44027233229
2014-03-21,1990.9671342120496,-645.4678855466476,4915.528792034626
2014-03-22,1947.1629485749115,-846.2730616842082,4919.738928477501
2014-03-23,1895.9951736065277,-845.855827464228,4543.918097660085
2014-03-24,1838.7503579318245,-1008.5805037585758,4632.951930214989
2014-03-25,1776.7710176877763,-989.7111625719897,4547.79921768783
2014-03-26,1711.4239757152732,-897.8863517206794,4687.519547106451
2014-03-28,1576.0290132247294,-1046.3416611913676,4576.013598113989
2014-03-29,1508.5610168875603,-1143.7347868164559,4317.041201058608
2014-03-30,1442.8309862376022,-1109.1462528028096,4292.352234579888
2014-03-31,1379.890701948048,-1370.6203790224638,4048.1913560361913
2014-04-01,1320.6585684613096,-1397.1149393866963,4139.669635617503
2014-04-02,1265.904283629054,-1439.0498372883271,4123.932032820803
2014-04-03,1216.237713022844,-1633.9211895633855,4069.7439230000177
2014-04-04,1172.1021352099967,-1669.8122784316129,3847.5661078027974
2014-04-05,1133.771909479397,-1717.6198422602015,3899.068444694061
2014-04-06,1101.3545034029603,-1608.0577906250105,3838.296099917133
2014-04-07,1074.7967072518147,-1770.8264719468896,3995.4633252977605
2014-04-08,1053.8947584083637,-1705.2939883758934,4028.416241461003
2014-04-11,1021.1360546810677,-1747.3647034820265,3788.924465132827
2014-04-12,1018.3480341730658,-1734.4109345321788,3829.265554848806
2014-04-13,1018.5134870462344,-1634.5873408396908,3889.910155159556
2014-04-15,1024.7681435166694,-1652.6167186475548,3992.3685744390996
2014-04-16,1029.3866537037497,-1760.9303322664844,3804.105193267935
2014-04-18,1038.153920332443,-1719.8061774901594,3952.09049291974
2014-04-19,1041.0952619629718,-1685.130788690799,3712.955959853365
2014-04-20,1042.40588582508,-1676.1211206021494,3998.6923130346336
2014-04-21,1041.7054770431025,-1640.5109451731414,3765.2671214035963
2014-04-22,1038.7223499253137,-1739.7091630978284,3920.017891308452
2014-04-23,1033.2989662974192,-1768.886497040276,3746.6823133404664
2014-04-25,1015.0807728140435,-1605.4132428146072,3775.2894632450916
2014-04-26,1002.5427857470493,-1916.014869195334,3775.2632876771204
2014-04-28,972.0259959893036,-1602.2370858863335,3700.6152866591674
2014-04-29,954.8792696667957,-1874.1717648401527,3592.219072741977
2014-04-30,937.1434512455712,-1797.7574533555264,3781.7355261734224
2014-05-02,902.189440465368,-1688.5741740607848,3690.833768769255
2014-05-03,886.165634719135,-1742.2296383868836,3703.871415915579
2014-05-04,871.9044905413762,-1734.5165500195892,3837.5243007059753
2014-05-05,859.9722980983692,-1903.4292331736717,3766.251064833108
2014-05-06,850.8913844183951,-2037.74583671356,3647.660182920431
2014-05-07,845.1244783540279,-2004.9456157649067,3862.358998733655
2014-05-08,843.0609189940192,-1915.7914007191537,3815.1046417764646
2014-05-09,845.0050583405396,-1740.4846533511648,3563.7334768499945
2014-05-10,851.16714204814,-1956.652902535554,3702.508622134001
2014-05-11,861.6568785536531,-1759.3526144815849,3790.7711874148094
2014-05-12,876.4798291569882,-1871.7648550433032,3622.433431025605
2014-05-13,895.5366717572776,-2065.83041599523,3624.3846915659606
2014-05-14,918.6253112541589,-1868.1932125976477,3540.712255417157
2014-05-16,975.6074169575049,-1813.2944086893626,3700.3407212242555
2014-05-17,1008.6390840188018,-1735.738562681866,3917.010403279568
2014-05-18,1044.0004467325243,-1855.7919358550344,3744.2835699210464
2014-05-19,1081.095638616516,-1541.17459631908,3973.723784679229
2014-05-20,1119.287917230708,-1551.2500038086773,3914.3886703634807
2014-05-21,1157.915229783297,-1659.0882070201092,3926.2592287181
2014-05-22,1196.3062094892216,-1699.5265307953596,3860.715804025298
2014-05-23,1233.7961690851132,-1214.859110167026,4027.7879667615866
2014-05-24,1269.7426673459381,-1453.8261150044882,4043.5928885772287
2014-05-25,1303.540245386589,-1373.061830447492,4068.981836231068
2014-05-26,1334.633961107739,-1467.4944608299445,4020.5182739117236
2014-05-27,1362.5313912681634,-1547.013516009131,4179.906585199025
2014-05-28,1386.8128199696257,-1307.597165789799,4239.625936617694
2014-05-30,1423.259040426447,-1371.625549593818,4235.93459056221
2014-05-31,1435.0101663862242,-1249.286309845694,4181.3095878130625
2014-06-01,1442.322904918541,-1323.1410229335686,4187.935052417357
2014-06-02,1445.2181367829323,-1259.6373732598572,4179.659486729102
2014-06-03,1443.8042602996538,-1350.3219443721853,4071.282336508844
2014-06-04,1438.2718922446911,-1172.7297361072697,4271.4017713042995
2014-06-06,1415.9806564897842,-1254.4296908496062,4408.38869267599
2014-06-07,1399.9418358696146,-1378.8157816582438,4295.52214786166
2014-06-08,1381.2033478708206,-1329.6183823719875,3952.6750212589905
2014-06-09,1360.2314543506036,-1333.8051596474993,4149.523634103645
2014-06-10,1337.5133797041242,-1381.720632809427,3950.1829976311287
2014-06-13,1263.8147201164309,-1589.137307569133,4010.5073511744777
2014-06-14,1238.9845429716763,-1731.0172591142853,4036.4206978770217
2014-06-15,1214.7483547514123,-1501.7833934637065,3835.4842054162245
2014-06-16,1191.483650926674,-1469.6358228040226,4150.446191950345
2014-06-17,1169.519562541781,-1591.4944046822259,4007.2663833788315
2014-06-18,1149.1320783176318,-1726.276645450648,4030.3926295073693
2014-06-20,1113.9082187603037,-1447.0836597983232,3815.0299904926787
2014-06-21,1099.3385329808427,-1714.0905738919712,4031.8523073759593
2014-06-22,1086.8808180337014,-1845.918087897764,3785.878420612049
2014-06-23,1076.5315206855123,-1809.8056381981455,3958.734752333126
2014-06-24,1068.2390504548246,-1611.8604597034264,3595.4373948182097
2014-06-25,1061.9092912710537,-1895.8202768280098,3714.1021159179404
2014-06-27,1054.587523425882,-1573.1049912503636,4051.5348622869424
2014-06-28,1053.2545831626367,-1778.5533231525533,3872.4405935556993
2014-06-29,1053.2172251475854,-1818.4164248031284,3776.7448743076857
2014-06-30,1054.2723530720355,-1982.0171747477507,3714.914890279796
2014-07-01,1056.2166271880621,-1661.5541599292744,3752.9520934755565
2014-07-02,1058.8528571830477,-1585.988134014981,3654.898624409338
2014-07-04,1065.4762782786552,-1818.1331107268927,3819.3781761752757
2014-07-05,1069.1463299743214,-1541.631462203632,3895.1626057628787
2014-07-06,1072.8806181767166,-1721.2045917665446,3902.5896784729107
2014-07-07,1076.5787681143695,-1677.1479271194166,3758.7062911893295
2014-07-08,1080.1658178999442,-1673.3953092273405,3876.434243953801
2014-07-09,1083.5917666780867,-1557.514236500981,4025.8014934128514
2014-07-11,1089.8758550117216,-1669.4687175715057,3760.186993958608
2014-07-12,1092.742004996599,-1607.2031733220365,3690.993138760488
2014-07-13,1095.456584103962,-1712.215263660344,4000.2600261779944
2014-07-14,1098.0584639452502,-1791.9300245688655,3927.39933025327
2014-07-15,1100.593322749938,-1765.2687109916405,3723.9885309928554
2014-07-18,1108.2698350356577,-1872.1555916762018,3818.3613305549934
2014-07-19,1110.9906720029,-1708.2490687347208,3670.4143161479933
2014-07-20,1113.8408500386915,-1617.0524436122619,3793.0597986191897
2014-07-21,1116.8323773090146,-1488.9106361663285,3728.510229730616
2014-07-22,1119.964310753346,-1681.6966875184685,3947.161355162319
2014-07-23,1123.2227413430705,-1757.4585230610392,3753.9473830344614
2014-07-25,1130.00468094159,-1777.0122263953679,3772.7607191046714
2014-07-26,1133.4475820291786,-1807.909226562132,3731.0574873098913
2014-07-27,1136.8615510167556,-1724.2185703696025,4099.788515417884
2014-07-28,1140.1970471709694,-1607.571867200716,3846.2803148646008
2014-07-30,1146.4570506193295,-1726.2705164788042,3792.390332849746
2014-08-01,1151.98710715423,-1510.176117903102,3795.1759631242735
2014-08-02,1154.476176616085,-1504.8066224759475,3869.5864269751946
2014-08-03,1156.8274402214765,-1682.8966252567066,3932.4140513322423
2014-08-04,1159.111587297385,-1532.5506451504841,4114.339581257238
2014-08-05,1161.431467843435,-1690.0249948037472,3900.285292587772
2014-08-06,1163.923804915487,-1468.2517492850727,3876.7120280727136
2014-08-08,1170.145057311844,-1554.902558118169,3884.660105898918
2014-08-09,1174.3172296280245,-1622.6682298312794,3892.09513376381
2014-08-11,1186.1183878109032,-1589.989758140281,4026.495391508893
2014-08-12,1194.3543438181266,-1481.0561248865017,4007.53484927888
2014-08-15,1232.3408723560447,-1571.4661867732962,3966.2984074945416
2014-08-16,1250.536724096954,-1346.921952013059,4064.2381483475806
2014-08-17,1272.0258251608225,-1581.006779273311,4246.475848564774
2014-08-19,1325.9709356278147,-1434.399328844607,3981.717611443843
2014-08-20,1358.87187486631,-1418.8334400505726,3959.5911203179835
2014-08-22,1437.2592142059145,-1347.1834195067302,4194.078595248248
2014-08-23,1482.8524968821475,-1080.6416609357334,4339.206254005965
2014-08-24,1532.6666097306188,-1352.0262668484456,4089.6738842310347
2014-08-25,1586.5729793614928,-1162.1314635915435,4111.06707329141
2014-08-26,1644.364075375301,-1089.9080627405417,4584.050270950239
2014-08-27,1705.7523298368183,-1234.0874000274605,4641.963984639776
2014-08-29,1837.774750760538,-850.9208384537445,4748.802555149475
2014-08-30,1907.4467239233359,-891.4552703158975,4561.9538691525995
2014-08-31,1978.8007659568048,-893.3906385745968,4691.528777812615
2014-09-01,2051.1900206633377,-933.6692227120808,4877.2389500960235
2014-09-02,2123.915000791422,-687.154581966316,4880.957957681413
2014-09-03,2196.2332491260327,-515.2484377176855,5281.822096314494
2014-09-05,2336.5302814165098,-441.5590755350899,4962.975326318279
2014-09-06,2402.9103195864755,-413.2450294418734,4941.639556113104
2014-09-07,2465.711211102115,-278.4723440529486,5015.283283310939
2014-09-08,2524.1514219212563,-196.8145105238,5397.858003339053
2014-09-09,2577.479786739612,-359.7446385055208,5306.765107659248
2014-09-10,2624.9881257043044,-406.31180578819874,5369.481144554377
2014-09-11,2666.0233335220046,-46.9275439272415,5256.700046592691
2014-09-12,2699.9987182761047,-92.34222379826261,5470.166550078486
2014-09-13,2726.404382678447,-62.36906851647828,5534.085173433736
2014-09-14,2744.816462676841,-39.409802273075044,5332.130841782458
2014-09-15,2754.905062243847,-267.8924816956909,5509.025934391365
2014-09-16,2756.440750316947,90.45373308504261,5446.476815476188
2014-09-17,2749.299514886842,-26.644261630984026,5430.632660662604
2014-09-19,2709.0356779336335,-116.7508854177328,5519.535639247135
2014-09-20,2676.213854027889,-198.21060638523267,5444.710512943799
2014-09-21,2635.315001705084,-105.22721907193971,5597.8235037173345
2014-09-22,2586.7589901217293,-82.47665446700059,5324.89607568496
2014-09-23,2531.066363375345,-293.9651980780264,5211.415156159948
2014-09-24,2468.8520684241425,-417.8554651325848,5142.001185575065
2014-09-25,2400.8178453107885,-287.96175973995804,5195.305745798164
2014-09-26,2327.7434113661616,-513.1743922627489,5108.586045520174
2014-09-27,2250.4765853988247,-743.6549858074562,5097.722790351791
2014-09-28,2169.9225089384804,-563.6160987419024,5096.417986569472
2014-09-29,2087.032129424977,-499.25969821390515,4844.141596957443
2014-09-30,2002.7901149793615,-616.1643200725592,4891.704709969258
2014-10-01,1918.2023722426075,-773.068673838459,4768.617442510467
2014-10-02,1834.2833379909277,-1017.8245405775527,4569.83283689008
2014-10-03,1752.043212147647,-1124.1906925299854,4584.732906807272
2014-10-04,1672.4752947352483,-1005.3058413292342,4382.435364781739
2014-10-05,1596.5435826111504,-1102.860585371233,4477.958237430093
2014-10-06,1525.170773825591,-1189.4026298610174,4369.104793771835
2014-10-07,1459.2268184872778,-1254.1326973272378,4194.3096653598905
2014-10-08,1399.5181453916573,-1351.0178166168744,4327.874766443664
2014-10-09,1346.7776836168223,-1412.0843992687353,4084.653752684487
2014-10-10,1301.6557880342295,-1450.7829850226078,4060.3391600676077
2014-10-11,1264.7121673451115,-1634.68623335976,4044.416379305718
2014-10-12,1236.4089029278862,-1367.6634409995238,3913.581570415478
2014-10-13,1217.1046365060126,-1502.6537363450861,3866.3972023448555
2014-10-14,1207.0499943602708,-1515.9055392159696,4078.374183347744
2014-10-15,1206.3843054690738,-1390.2613236668224,3908.2289444155476
2014-10-16,1215.1336604079665,-1823.1561890505245,3985.4259723388727
2014-10-17,1233.2103469597187,-1815.7493122407554,4003.1315796335844
2014-10-18,1260.4136869726567,-1643.8945228759487,4011.8384690855305
2014-10-19,1296.432286922544,-1395.9016013794117,4032.726484715654
2014-10-20,1340.8477017724304,-1344.3893101473052,3984.07446987262
2014-10-21,1393.1394973334752,-1257.4159271279889,4290.217630917772
2014-10-22,1452.6916825346257,-1198.7308172132891,4116.961420746517
2014-10-24,1590.6832698835697,-1353.0171134445372,4241.248977605714
2014-10-25,1667.488934349493,-1128.5741751356873,4505.26132402753
2014-10-26,1748.3089889970277,-1048.4333197083292,4558.94024423311
2014-10-27,1832.1898957192413,-1105.553812127139,4351.668838688906
2014-10-28,1918.1461095455336,-847.4044826516158,4573.837130786841
2014-10-29,2005.173803566746,-707.9900145969428,4617.574635390788
2014-10-31,2178.4224702691536,-640.0542602810295,5046.803998894563
2014-11-01,2262.673518957579,-528.0873255236265,4973.606644185856
2014-11-02,2344.085217468764,-252.11897051260428,5334.3129645852305
2014-11-03,2421.7780623647627,-621.0968441300703,5037.270126725606
2014-11-04,2494.939490969289,-335.8320316960167,5293.586486945637
2014-11-05,2562.8364520393397,80.90511131097891,5509.862764515438
2014-11-06,2624.8268691394296,-144.28167910443202,5411.217257254924
2014-11-07,2680.3697617544076,-213.16160880808692,5287.603981055315
2014-11-08,2729.0338016666583,-80.72569766453762,5354.5553552967185
2014-11-09,2770.5041001269615,40.88767701802021,5621.1331168563975
2014-11-10,2804.587044922083,-19.01520571188633,5514.816745232272
2014-11-11,2831.2130354427,148.8575310251527,5595.013056205851
2014-11-12,2850.4369980013034,162.4287677831053,5627.447248458889
2014-11-14,2867.5081444138013,273.22509248810826,5404.2129322483015
2014-11-15,2866.060102460212,140.58507037787277,5680.940450566732
2014-11-16,2858.6044305930136,56.13533744044152,5388.339429398205
2014-11-17,2845.745693356651,146.85844712184493,5661.125676721439
2014-11-18,2828.168203458442,92.85669377183206,5495.2103878794815
2014-11-19,2806.621369727016,137.95179228934936,5424.570707371005
2014-11-20,2781.9035104245386,42.369721261515224,5626.270955799389
2014-11-21,2754.844430148104,64.77609506434301,5673.696387632989
2014-11-22,2726.2870969744786,130.22084355839107,5471.134344257434
2014-11-23,2697.068788873069,-111.11875301226611,5450.611804873381
2014-11-24,2668.0021036245835,101.83742599867523,5398.87897019325
2014-11-25,2639.8562435569056,-172.84989236266725,5503.696818696031
2014-11-26,2613.3389945447416,-255.0580439933574,5381.225093121061
2014-11-27,2589.0798172812574,-191.10100800012407,5378.517250463869
2014-11-28,2567.614457445049,-222.6026890433029,5529.9722290581385
2014-11-29,2549.3714598809192,-69.94204923619074,5263.526315196099
2014-11-30,2534.660940412764,-92.2909401365813,5326.677001349977
2014-12-01,2523.6659277689578,-37.86966154072161,5180.475241046117
2014-12-02,2516.436539287709,-316.6424383619585,5638.417550803804
2014-12-03,2512.887187957277,-146.32108119503286,5318.471798030614
2014-12-04,2512.7969728951525,-64.10757863587678,5380.577584158029
2014-12-05,2515.8133083287644,-232.23193272146838,5401.144369484766
2014-12-06,2521.4587911025337,-393.33164600670494,5214.517985911879
2014-12-07,2529.1412218150926,-397.1004766376062,5235.51045313605
2014-12-08,2538.1666185418217,-281.39412350002044,5297.876889454984
2014-12-09,2547.754986145957,-158.59821027618332,5200.914315474316
2014-12-10,2557.0585316783054,-455.69259763029964,5442.7661209421085
2014-12-12,2571.2043380185537,-216.4700835182162,5394.956813465356
2014-12-13,2574.202265648917,-283.6196947144693,5298.973077102197
2014-12-14,2573.2734500561564,-291.6394819043085,5261.710370751451
2014-12-15,2567.560502746949,-121.66960280116605,5314.638489281991
2014-12-16,2556.2741622910376,-312.25943520386784,5299.44591963349
2014-12-17,2538.7154441490757,-237.79660726189675,5312.445892794898
2014-12-19,2482.557169233711,-328.4626988075891,5243.813613135772
2014-12-20,2443.1841744596036,-252.1207457658495,5205.896909137501
2014-12-21,2396.020108557226,-427.9516000574053,5145.126139194006
2014-12-22,2341.0742488160604,-602.0319092445076,4858.15190501352
2014-12-23,2278.527452502257,-516.4183280635557,5121.521521256251
2014-12-24,2208.7334029375425,-676.7887562613638,4924.8163139838
2014-12-26,2049.660993392641,-603.1501246061937,4769.0417115974415
2014-12-27,1961.9075773105008,-686.8258363442711,4627.223607312861
2014-12-28,1869.9307277007586,-885.6236795250951,4661.2798720546625
2014-12-29,1774.8239605678182,-1022.7829774866518,4592.216522784707
2014-12-30,1677.777245238927,-1163.8238116097061,4486.263772342399
2014-12-31,1580.0524126544942,-1093.7342355878418,4201.247092247035
2015-01-02,1387.8124274324186,-1302.2341363761116,4354.508704782863
2015-01-03,1295.9312827561234,-1500.2602320291974,3990.590838272761
2015-01-04,1208.5808697663806,-1522.5987207193098,3985.6416528356312
2015-01-05,1126.957266918313,-1509.6661067246905,4103.81139669914
2015-01-06,1052.156489164016,-1723.4993524581387,3762.2891040003415
2015-01-09,877.6155485482146,-1888.816373672656,3644.392403154249
2015-01-10,838.2002913049477,-1971.7859403534958,3410.668422490814
2015-01-12,789.362028926623,-2022.0119986417703,3476.682363971909
2015-01-13,779.8272812962115,-1857.625807205537,3365.056764231504
2015-01-17,829.9025212806773,-1829.5825498592594,3574.661048690548
2015-01-19,895.3579042393857,-2017.310698610771,3613.8438953484942
2015-01-23,1056.640403262215,-1834.0100853205236,3973.284846082144
2015-01-24,1094.8818997696462,-1670.6536634797671,3712.4664905928457
2015-01-26,1159.1089351059659,-1584.701761169753,3807.5820396374525
2015-01-27,1182.6591737043875,-1481.0024467506983,3983.927242930366
2015-01-28,1199.1179867635335,-1747.9282670200855,3878.148713871687
2015-01-30,1207.6993526995213,-1431.548092022707,4098.816114064302
2015-01-31,1198.815546482795,-1457.4163972710803,4112.097178166026
2015-02-03,1118.259210157994,-1474.765959459075,3863.3043243808884
2015-02-06,965.8643751386478,-1894.0797165894387,3764.0026279427902
2015-02-07,903.1672323590059,-1956.0955309411322,3570.784510903524
2015-02-08,836.6059959410828,-1916.4546177512161,3515.059818139083
2015-02-09,767.6494848973813,-2009.0995527748566,3507.5596901536524
2015-02-10,697.8675468177379,-1993.928299071661,3598.9389509960806
2015-02-14,443.4025300477226,-2234.7938329524477,3279.714929342771
2015-02-15,394.03516168193664,-2352.1366925732927,2913.574739878037
2015-02-16,353.33349698135453,-2534.551557201705,2999.067271236817
2015-02-18,302.75003641047124,-2446.740166647714,3036.6008940972133
2015-02-20,299.3262245144035,-2554.9079198271097,2988.1930487185755
2015-02-21,316.7213731659658,-2165.9973467831637,3114.3488492226465
2015-02-22,347.1167234081322,-2591.27797214546,3160.446646841005
2015-02-23,390.38564712520474,-2442.522742388332,3318.2841455550824
2015-02-25,513.7532093119235,-2535.9432345504347,3194.659068639068
2015-02-27,680.8103076868099,-1860.2568853432267,3303.529279456061
2015-02-28,777.8684006940073,-2067.1989010683687,3671.2013419934124
2015-03-01,882.0508979492802,-1913.8238376296395,3707.914514118067
2015-03-02,991.7538061623754,-1818.1375016820116,3932.962724585358
2015-03-05,1336.5716506028875,-1118.0572890031713,4231.54171265411
2015-03-06,1450.742103024765,-1519.7453891456248,4159.956187123571
2015-03-07,1561.5563299073974,-1146.10753307915,4307.613687254979
2015-03-08,1667.3268748054088,-931.9859022316373,4581.579485993569
2015-03-09,1766.4784142062686,-844.0985818963973,4211.855024175626
2015-03-10,1857.578776164948,-901.5575701022142,4670.027071034343
2015-03-12,2010.7736327769114,-764.0447483532632,4966.846639832529
2015-03-13,2070.9454025528553,-1016.1820905767274,4638.1036325144705
2015-03-14,2119.2528484650375,-559.4213500100228,4885.403330775673
2015-03-15,2155.3017086213817,-830.8680420428072,5096.52465288986
2015-03-16,2178.9353196827965,-415.10950311430037,5062.860536123753
2015-03-17,2190.2322516536397,-555.1647392621653,5051.249192454286
2015-03-19,2177.256041864371,-626.0143379643844,5059.626061361374
2015-03-20,2154.2235233548035,-566.0800932823277,4808.018442306403
2015-03-21,2121.297262337215,-537.4173623341686,5073.75123764118
2015-03-22,2079.5255832047064,-604.6513557465684,4977.378770771637
2015-03-23,2030.08110579603,-571.4088874633048,5023.701192285411
2015-03-24,1974.231469612398,-637.7692436063217,4917.385736306078
2015-03-26,1848.6748983825023,-659.9941887888083,4716.147631896377
2015-03-27,1781.6961420902562,-922.7064541840475,4413.383103677793
2015-03-28,1713.7066201121056,-1069.4960455147595,4352.980420897746
2015-03-29,1645.9824567817518,-1155.177027957559,4459.799266801542
2015-03-30,1579.7146493414607,-1287.4935931614968,4286.488897050388
2015-03-31,1515.985459410103,-1077.0230440946652,4340.46909936463
2015-04-02,1399.8110516329139,-1536.3467427113799,4201.103445492269
2015-04-04,1303.274039361212,-1344.3088359111455,4083.5316481537766
2015-04-05,1263.4760908558972,-1411.788869999051,4043.8453461612908
2015-04-06,1229.5794706603529,-1591.862445021381,3989.37913648857
2015-04-07,1201.570336283135,-1584.9607761975426,3860.678761745206
2015-04-09,1162.4048140744615,-1610.7718852581918,3926.7908748544737
2015-04-10,1150.5080580753588,-1653.9940813010344,4006.307830660753
2015-04-11,1143.052791475131,-1598.9566842618742,4145.682430983403
2015-04-12,1139.415632334071,-1711.3419481957428,4150.034758500709
2015-04-13,1138.9105351076857,-1536.3734913805802,4036.1460399946836
2015-04-14,1140.8120372704805,-1548.7889621358504,3989.121783681245
2015-04-16,1148.8764125734442,-1656.306494138324,3888.814360817479
2015-04-17,1153.6000325865027,-1646.2472540725441,3848.4179461704252
2015-04-18,1157.894320442299,-1409.5816296567982,3848.042826953252
2015-04-19,1161.1721249415596,-1519.951505380678,4038.938314249227
2015-04-20,1162.930290076365,-1639.0545364761076,3952.182485210197
2015-04-21,1162.7626087914375,-1578.0328922924004,3935.8582413371814
2015-04-22,1160.3695855007113,-1676.6183368550217,3831.042850570784
2015-04-24,1148.2779049989388,-1494.4789738148945,3938.456686953243
2015-04-25,1138.5538823587258,-1566.2717739237423,3796.2066339500293
2015-04-26,1126.5492844226053,-1631.2458946129161,4011.9194150577837
2015-04-27,1112.5250179682832,-1662.6402315415503,3983.2632335962144
2015-04-28,1096.8363182671746,-1841.8396664789543,3703.5830822213197
2015-04-29,1079.920131288227,-1860.4946487870577,3668.2312788706013
2015-04-30,1062.2803291708033,-1871.2054264647509,3835.535969188138
2015-05-01,1044.4712170272655,-1553.585048352317,3703.484844087711
2015-05-02,1027.0798265942044,-1842.1142995173016,3776.460296066953
2015-05-03,1010.707515463816,-1982.9436419508083,3633.0828793658497
2015-05-04,995.9513992591388,-1929.6075570898083,3702.4949706064626
2015-05-07,966.9117222534605,-1988.5794640230606,3557.887757583222
2015-05-08,963.8994305300962,-1551.449696654815,3684.5664204338373
2015-05-09,964.82726035718,-1692.0296696912837,3625.2050364181464
2015-05-10,969.9296947599082,-1820.8920405597707,3614.9861142812165
2015-05-11,979.3420266208528,-1582.0760214717586,3691.224173144447
2015-05-12,993.096035447912,-1633.6870573217607,3786.4608658273446
2015-05-13,1011.1185321375515,-1673.2843803287228,3825.270301067557
2015-05-14,1033.232764530264,-1882.7123141881107,3946.973735820083
2015-05-15,1059.1625984192265,-1852.0306978100773,4014.452268434789
2015-05-16,1088.539314459043,-1637.582358600413,3745.305593229769
2015-05-17,1120.9107931092287,-1608.751347921363,3894.790505357125
2015-05-18,1155.7527990881945,-1551.6300786321563,4013.520121681604
2015-05-20,1230.4705155301579,-1269.9467785996408,4186.720091915175
2015-05-21,1269.0610541652031,-1548.3433373450769,3973.6803390620057
2015-05-22,1307.5830961005718,-1269.154021774811,4087.1555705164437
2015-05-23,1345.368801060738,-1514.09660239182,4086.173018200363
2015-05-24,1381.7687457226816,-1309.5674410588197,4178.519721823204
2015-05-25,1416.1669038187645,-1465.2608551713272,4241.403581914506
2015-05-26,1447.994513789351,-1325.588740527067,4124.115949510887
2015-05-28,1501.9720998486137,-1388.88614567199,4397.559644567454
2015-05-29,1523.3236173075577,-1228.8748903827486,4271.33543429878
2015-05-30,1540.5228556345412,-1181.9463649852364,4264.102172536681
2015-05-31,1553.3853798007642,-1347.4826345435113,4359.13821530079
2015-06-01,1561.81839662052,-1153.8342878129674,4268.16159735955
2015-06-04,1560.962356924054,-1005.1636141250204,4439.430196528235
2015-06-05,1552.5208133653175,-1131.722268452747,4176.561079265863
2015-06-07,1525.1841951971091,-1541.2246405629844,4214.254261876588
2015-06-08,1507.0871320176848,-1386.625355403117,4223.773884388814
2015-06-09,1486.6376532676516,-1499.9790242633937,4198.137825554528
2015-06-11,1440.6257696600605,-1261.4200827200013,4233.045346016385
2015-06-12,1416.0529753307292,-1330.90180720611,4109.966222356179
2015-06-13,1391.0835066624086,-1350.855277006608,4071.2688070972144
2015-06-14,1366.1780287229362,-1176.5350331848185,4366.428738641968
2015-06-15,1341.7653238752239,-1518.8373913619869,4216.955256616911
2015-06-16,1318.234040947204,-1523.7673844731105,4065.789504460781
2015-06-18,1275.130575715225,-1335.0391265174153,4085.7548313053085
2015-06-19,1256.08202689492,-1651.1162553203844,3989.069284522445
2015-06-20,1238.9567995235348,-1541.257915118967,4076.2374842300783
2015-06-21,1223.8737678833645,-1486.2974959981034,3921.4715192155877
2015-06-22,1210.895541685257,-1503.1913448308328,3903.785272926787
2015-06-23,1200.0313185003386,-1484.2060565395936,3931.102450205711
2015-06-25,1184.4545969879698,-1297.5820962483592,4087.1746091275954
2015-06-26,1179.5291943166822,-1499.0279100677342,3731.89995262601
2015-06-28,1174.6471419046945,-1778.9869617642748,3973.457358893454
2015-06-29,1174.3208752135142,-1518.3677817700652,3851.4350168115416
2015-07-02,1179.392353251966,-1669.7880580158721,3917.5453743434987
2015-07-03,1182.4411665451348,-1747.1125329923889,3889.397334534135
2015-07-04,1185.8681951746098,-1660.8087824701056,4105.262182988494
2015-07-05,1189.5196717641847,-1749.5863119341084,4035.995540111846
2015-07-06,1193.2644043206017,-1722.6323899438812,3904.1536264684023
2015-07-08,1200.632290184097,-1585.408868470901,3786.407747197478
2015-07-09,1204.1179866297425,-1574.6410827856444,4055.6134692568994
2015-07-10,1207.4206469943927,-1560.2798800692615,3983.3484380083246
2015-07-11,1210.5300443848896,-1511.7614613277844,3999.440871332043
2015-07-12,1213.4550764550684,-1347.1108013214239,4013.5202728044765
2015-07-13,1216.220366079425,-1303.3443140776653,3914.395123201869
2015-07-14,1218.86243884808,-1694.3445481758629,4021.94570294761
2015-07-16,1223.9581094262587,-1374.187387688888,3963.202760485269
2015-07-17,1226.507600213995,-1559.8734395417396,3894.3820416047092
2015-07-18,1229.1179794330533,-1691.9319268171873,3954.8000908444596
2015-07-19,1231.8259078877363,-1568.9013822859565,4028.3628094092187
2015-07-20,1234.6582372939174,-1488.8693898354463,3977.86417325706
2015-07-23,1243.9887494317,-1576.0412400232422,3922.8662681247715
2015-07-24,1247.3416933416884,-1493.4525156502382,4074.5021749549
2015-07-25,1250.7686839539135,-1582.67922828238,3969.8509625839256
2015-07-26,1254.2271785275361,-1588.8939936220033,4162.330717154043
2015-07-27,1257.6691720511285,-1341.2702204638988,4011.01266022078
2015-07-30,1267.4156193037484,-1327.2632861696634,3996.9228753091516
2015-07-31,1270.3419069882507,-1545.3860606632938,4036.3377004773624
2015-08-01,1273.0740697613053,-1683.4705109292136,4197.553081155185
2015-08-02,1275.621210369285,-1401.507176100309,4153.383359964753
2015-08-05,1282.6418670008916,-1643.5374818155713,4063.609291242817
2015-08-06,1285.0924886243001,-1758.931184277757,3954.5706895226213
2015-08-07,1287.8407881256535,-1620.9865621520041,3934.106453868581
2015-08-08,1291.0837274534676,-1633.5600132300992,4208.539357224713
2015-08-09,1295.0512747374796,-1625.7729745550962,4090.6920453923744
2015-08-10,1300.00388593166,-1440.800808584935,4126.331943868383
2015-08-11,1306.2287966757613,-1373.4288009832865,4051.797303452719
2015-08-13,1323.7481564452216,-1537.5994343093503,4184.520390978148
2015-08-15,1350.232531200523,-1545.6686802212225,4093.68543312586
2015-08-16,1367.7041129590502,-1461.1554064643121,4107.000111034465
2015-08-17,1388.3941782121515,-1382.215649315829,4341.221526752765
2015-08-21,1508.5483042408823,-1324.7140873793694,4151.674502273877
2015-08-22,1548.8524616981579,-1247.020810948566,4190.41639891662
2015-08-23,1593.4312795238839,-981.9384867115795,4400.573451532589
2015-08-24,1642.2510094164213,-1067.7781207895603,4487.8242183215125
2015-08-25,1695.202464697853,-1083.6428292862752,4464.948693692103
2015-08-27,1812.670122967987,-972.7721264964499,4640.42473993734
2015-08-28,1876.5714491400186,-808.0553726418505,4733.705528441085
2015-08-29,1943.3766575392308,-631.1736843508533,4843.671289254739
2015-08-31,2083.6295632910287,-770.0666061547287,4622.230879651921
2015-09-01,2155.875500619484,-525.0558556088246,4947.679316433474
2015-09-03,2301.1797613408335,-511.72862727013666,5107.710773387731
2015-09-04,2372.7377208298035,-300.7638299182375,4997.9209188634995
2015-09-05,2442.51910392821,-375.3340939405017,5273.511881759165
2015-09-06,2509.7212913784233,-448.49435877870684,5300.074408774054
2015-09-07,2573.542951089104,-337.0391408191554,5342.188529864142
2015-09-08,2633.1969676377935,-74.9277125339043,5481.757036528834
2015-09-10,2737.002119707752,-50.309644477263895,5577.206765794389
2015-09-11,2779.7652011618093,127.93651188295554,5586.609832468654
2015-09-12,2815.6083203723015,-136.04578206254035,5767.050172063535
2015-09-13,2844.001467685423,127.80662191580522,5485.080830274167
2015-09-14,2864.4984734165296,-39.106846631234006,5442.494437068399
2015-09-15,2876.74528225468,129.4075435724651,5645.832937746988
2015-09-16,2880.4868206694528,128.64379037113102,5366.549736586864
2015-09-17,2875.5723449165625,-32.51833744084507,5612.395757411586
2015-09-18,2861.9591872467427,139.65393759807324,5807.540187916012
2015-09-19,2839.7148485849584,216.27300936240897,5490.400576898529
2015-09-20,2809.0174165409107,4.054742472779262,5433.640651899522
2015-09-21,2770.154317453668,-37.993276167343694,5592.775325756537
2015-09-22,2723.5194396416564,18.906323766426112,5449.430116525153
2015-09-24,2609.014082756671,-134.9717248965808,5351.334828487176
2015-09-25,2542.4164367548456,-352.58998705365605,5367.162634649529
2015-09-26,2470.5768636296625,-287.7038656833845,5361.937098214035
2015-09-27,2394.3271348263484,-275.81209675154616,5082.45002065879
2015-09-28,2314.559114938447,-334.08737851138784,5106.101985112099
2015-10-01,2063.722936036859,-960.9446421376608,4821.090390779352
2015-10-02,1979.5934438939482,-890.6865096755774,4814.359675665211
2015-10-03,1896.8914031614422,-849.3203300257286,4503.649522930797
2015-10-04,1816.6155143827525,-932.8709796830502,4823.463441146008
2015-10-05,1739.8258713877865,-1041.4829556311263,4291.548056607933
2015-10-08,1538.929170646981,-1326.2026275545377,4240.519150377595
2015-10-09,1484.5217506980134,-1297.6719985266668,4134.928484154754
2015-10-10,1437.5785089900683,-1153.8499840431639,4437.736211810528
2015-10-11,1398.6825142715068,-1301.4636884523861,4095.5264894573365
2015-10-12,1368.3208465514326,-1537.1498960119998,4215.126216359782
2015-10-13,1346.8784858105123,-1451.471516292475,3956.98429906664
2015-10-15,1331.7530413478307,-1323.6852563315745,4018.576212360281
2015-10-16,1338.2918533559896,-1565.9046881415545,4214.017595033192
2015-10-17,1354.1905723856864,-1462.7380024131064,4024.6002196347185
2015-10-18,1379.2766060960796,-1441.8108835099763,4045.302104493962
2015-10-19,1413.2659513950555,-1363.611415021858,4087.2648165306664
2015-10-20,1455.7665057036465,-1337.1461657733826,4220.22747030207
2015-10-22,1564.2220021173644,-1495.4532989588586,4203.333046653047
2015-10-23,1628.9015269025294,-1205.1852688353108,3967.7905922859395
2015-10-24,1699.5575650140424,-1005.9730393048312,4532.342462337712
2015-10-25,1775.3550840768114,-1054.5992609941984,4690.784975484192
2015-10-26,1855.3988292046895,-825.6742105583482,4761.3808799715425
2015-10-28,2024.415792774559,-771.9178267267495,4884.2868488711
2015-10-29,2111.409631359866,-617.9779647530487,4698.172087705308
2015-10-30,2198.7186182511086,-502.0979212085257,5004.729349037713
2015-10-31,2285.341310515646,-458.09183249691665,4981.194846307001
2015-11-01,2370.297636013601,-420.2441817271792,5274.253370328307
2015-11-02,2452.6433876909464,-211.70752613199417,5061.664511683809
2015-11-03,2531.4843978472272,-282.70023667825245,5478.607114191992
2015-11-05,2675.4065994577645,-18.899268033001995,5330.8262740397795
2015-11-06,2739.0679144350242,27.331618661270213,5487.833942556226
2015-11-07,2796.4069756496147,-2.648221457161309,5342.201788158423
2015-11-08,2846.9643331105754,-60.06011839120579,5637.771397330188
2015-11-09,2890.3954557124844,-11.269730393021288,5627.983745892407
2015-11-10,2926.476071294056,-23.466092840113493,5769.987693853611
2015-11-11,2955.1054396619184,290.3594315875315,5800.476045596224
2015-11-12,2976.307431837079,216.72273698006575,5750.615438076771
2015-11-13,2990.2293264929067,267.8217137800986,5905.087921542376
2015-11-14,2997.1382765259723,99.32110452912755,5665.575429688809
2015-11-15,2997.4154441784367,189.9310611981416,5677.515144981411
2015-11-16,2991.5478512438594,112.89312613597308,5811.518765945121
2015-11-17,2980.118040620724,202.05721110604168,5473.603448512647
2015-11-19,2943.303413629126,24.834358183853297,5738.30835959659
2015-11-20,2919.557234924584,59.723764357655405,5758.432491851065
2015-11-21,2893.2604222745545,114.57981409633643,5802.489415683927
2015-11-22,2865.2544062487395,288.23820235602096,5643.978007097119
2015-11-23,2836.379669260088,163.25387650085872,5635.83621652364
2015-11-24,2807.45675156588,143.0382763013347,5674.10505010952
2015-11-25,2779.267428135267,42.7716924785492,5367.333368253004
2015-11-26,2752.5364746698924,14.19478918106187,5514.087947452299
2015-11-27,2727.914442069514,86.39607838669211,5444.961522848374
2015-11-28,2705.961849757846,76.64315101942513,5444.74957753219
2015-11-29,2687.135189309085,-106.88185909316007,5428.980462104774
2015-11-30,2671.775100791083,105.28019972040407,5445.147555646795
2015-12-01,2660.09704546284,-209.79066752169268,5200.40310721483
2015-12-03,2647.986645197659,-108.45237250991892,5529.829741662532
2015-12-04,2647.3154442847854,-89.89580021831483,5478.1853981259155
2015-12-05,2649.8509650140504,-286.47019745610413,5217.168611031995
2015-12-06,2655.1461901242346,-49.253726312953695,5546.8320266553965
2015-12-07,2662.636512661254,-296.75907519143516,5453.58154485214
2015-12-08,2671.652020851419,-223.28857875034782,5384.754371784883
2015-12-09,2681.432604774866,82.34919160122413,5450.598420782826
2015-12-10,2691.1455930388247,65.58220597689939,5638.063677379492
2015-12-11,2699.9055590138087,-170.49126640192844,5593.167728457912
2015-12-12,2706.7958743605463,-118.09901730375998,5613.419767930051
2015-12-13,2710.891534298694,-403.53692871981906,5490.788889425343
2015-12-14,2711.282735951535,-83.91893065882077,5371.936891401319
2015-12-15,2707.0986595291283,111.32491181608277,5653.966506501024
2015-12-16,2697.530883220191,138.099202768811,5646.887654226473
2015-12-17,2681.8558572858224,-237.87868154618184,5450.901549339462
2015-12-18,2659.455871495104,-173.99922498870515,5469.150914191759
2015-12-19,2629.837972888065,-58.584688965279625,5360.063035979035
2015-12-20,2592.650327687167,-191.3800566028218,5138.758896519828
2015-12-21,2547.695571460299,-206.60700544926146,5366.067998125057
2015-12-22,2494.940754426144,-256.18346468804896,5205.616864116579
2015-12-23,2434.5235628382043,-334.13415525125055,5224.523158213086
2015-12-24,2366.7545810802135,-347.7097912233656,5360.751564233931
2015-12-25,2292.1154506000125,-171.08495863124355,5130.21033630691
2015-12-26,2211.252878950191,-503.24559204187005,5074.324611656504
2015-12-27,2124.9685527106867,-646.8565942643702,4759.727000832135
2015-12-28,2034.2051094556562,-728.1665050965676,4801.978415671388
2015-12-29,1940.0284236764417,-947.5979247648211,4468.993310842075
2015-12-30,1843.6065571308095,-972.7762407143236,4583.953111777885
2015-12-31,1746.302586078521,-944.0118813975594,4573.116200019245
2016-01-02,1553.9147034052137,-984.7402156868253,4293.063006323157
2016-01-03,1461.4693944031471,-1376.6556195093283,4348.458206302931
2016-01-04,1373.2434327525796,-1257.969400417647,4246.328869591979
2016-01-05,1290.4535684632497,-1522.0365269909867,4277.847587585446
2016-01-07,1145.556443012646,-1898.3480260473425,3825.504883966856
2016-01-08,1085.3117782571378,-1688.9914120821693,3910.70077473194
2016-01-09,1034.1823550332556,-1856.9216679610765,3793.0414611820265
2016-01-10,992.6770749612188,-1745.3489863219754,3794.799745229981
2016-01-11,961.1068159972777,-1707.2125610853977,3836.469827205052
2016-01-14,925.977991298277,-1807.5965667756816,3618.7111144483824
2016-01-15,933.0635872288133,-1785.2225939141395,3664.884076886254
2016-01-16,948.5040083061255,-1918.4037602727085,3567.757418634822
2016-01-17,971.392074273741,-1806.6815495518094,3863.3001607124784
2016-01-21,1114.1021671363524,-1626.1899871507162,4064.5552090939277
2016-01-22,1155.8211403148475,-1566.9596886762918,3979.7456590185798
2016-01-23,1197.0635758911562,-1731.3763715699813,4015.778041504852
2016-01-24,1236.3800593215103,-1418.759762512445,4181.915964374127
2016-01-25,1272.3748658292125,-1444.83813132871,3985.78701145227
2016-01-28,1347.974312394446,-1468.945973971123,4116.171677786295
2016-01-30,1361.5193946481145,-1391.0190370351736,4179.262353464295
2016-01-31,1355.2610042227413,-1327.435428611957,4025.8022414853135
2016-02-01,1339.9453723198449,-1562.2145451691777,3953.734232050637
2016-02-02,1315.5896265965955,-1534.565130365909,4204.917168907609
2016-02-03,1282.450495918028,-1542.411249624605,4157.038835605574
2016-02-04,1241.0210388896417,-1469.0783847078364,4040.928790162541
2016-02-05,1192.0217787517267,-1501.9034979666487,4095.248812368938
2016-02-06,1136.3864095960244,-1686.388202381732,3895.3055491236846
2016-02-07,1075.2423704531352,-1700.718294239659,4094.2929028459134
2016-02-08,1009.8867089763645,-1726.3483944964266,3745.917086560878
2016-02-09,941.7577720743391,-1818.741316390018,3776.874304448971
2016-02-11,803.446100392143,-1905.1882344141682,3621.0974942891717
2016-02-12,736.5467577104905,-2206.0834759309096,3325.6644478944822
2016-02-13,673.3664685512692,-2184.548533643,3575.082655611917
2016-02-14,615.5286449467492,-2179.1278521664663,3459.107927891904
2016-02-15,564.5815208963215,-2103.1246257685975,3203.9483139287377
2016-02-16,521.9621935970472,-2240.6726341856015,3408.1196809295075
2016-02-19,456.09168877741445,-2231.7584706382527,3200.2570436952847
2016-02-20,457.8260926939756,-2289.4997848388275,3122.6728399080257
2016-02-21,472.44111427495864,-2346.922874799195,3429.218966612025
2016-02-22,500.0473633176273,-2372.9059055322728,3325.230280485215
2016-02-23,540.5832061298745,-2328.7536349331554,3355.724494096272
2016-02-25,658.9069462595121,-1791.3624284612995,3429.2276375295405
2016-02-27,821.8760429748269,-1888.4467774949956,3806.0179425617835
2016-02-28,917.3773350762019,-1800.6484549692514,3644.4693360456636
2016-02-29,1020.3834401186778,-1470.5214375754747,3677.305782801713
2016-03-01,1129.3222593738342,-1706.827141802407,4014.234084118285
2016-03-03,1358.1715338714857,-1320.4022991487461,4231.98982811804
2016-03-04,1474.5077332744709,-1324.9561587955307,4028.4887593328176
2016-03-05,1589.7028694744888,-1265.6143109729921,4332.855784341503
2016-03-06,1701.9772457953964,-1268.316954122126,4503.0978883865
2016-03-07,1809.62057221133,-1036.6684010495287,4463.165647907134
2016-03-08,1911.0264593507131,-993.7376559214769,4628.922996404109
2016-03-09,2004.7242231602052,-614.6826838500206,4545.72839469784
2016-03-10,2089.4072929105537,-826.66609990686,4640.650101385471
2016-03-11,2163.957603454486,-678.3116630308574,5023.314020559754
2016-03-12,2227.4654553062255,-647.8498726104731,4936.391851103236
2016-03-13,2279.2444405213123,-410.5085941014057,5439.8078214113575
2016-03-14,2318.841155538216,-569.2144277856902,5014.5920797942135
2016-03-15,2346.0395509693726,-419.6967050136497,5198.5187425433105
2016-03-17,2363.5524931468954,-401.4095467360499,5241.905747288021
2016-03-18,2354.5863074417257,-462.8558532468628,5143.536147919398
2016-03-19,2334.632987970633,-360.4474782192592,5007.61141756331
2016-03-20,2304.5466239096327,-658.6663865063462,5026.787068568746
2016-03-21,2265.3398678608582,-733.8841021674363,5352.847329671612
2016-03-22,2218.157041878099,-450.36848965570033,5114.546910185077
2016-03-24,2104.9220233525884,-480.81983850891856,4660.684839585619
2016-03-25,2041.5469357497936,-1050.506153430479,4769.791493426676
2016-03-26,1975.4868602870256,-791.0831773708446,4833.497554111523
2016-03-27,1908.0867396340452,-819.4641172538478,4673.715401200056
2016-03-28,1840.6399365836992,-1056.1151985131953,4551.478845114406
2016-03-29,1774.3610668530746,-1049.1474205870893,4359.6891958408605
2016-03-30,1710.3616096578046,-1073.2834051164346,4262.39616448973
2016-03-31,1649.6288270396935,-1158.3460840250364,4440.421230765657
2016-04-01,1593.0084288837318,-1224.6029520200739,4208.016185150369
2016-04-02,1541.1913169830511,-1422.997397501371,4125.884879046175
2016-04-03,1494.7046312032055,-1199.703642831687,4224.67181519991
2016-04-04,1453.9072067309628,-1257.3344369137312,4105.118729133175
2016-04-05,1418.9894365628966,-1443.0599316743126,4117.96840374476
2016-04-06,1390.0494851853928,-1185.3238451841871,4035.637847422953
2016-04-07,1366.8853055861912,-1246.029853137076,4248.789007493871
2016-04-08,1349.2227779862667,-1486.378418734865,4397.962697520992
2016-04-09,1336.6589115568336,-1614.8337611829631,4288.335161241239
2016-04-10,1328.6799394545565,-1507.9767672897183,4078.1216863715654
2016-04-12,1323.9916235643109,-1533.1692548403885,4156.620293075654
2016-04-13,1325.8919325692007,-1640.7493214877586,3876.650335791516
2016-04-14,1329.6430130957403,-1242.5948565087808,4005.317569858908
2016-04-15,1334.5067158204613,-1401.1035172735615,4361.44220034627
2016-04-16,1339.7687291411607,-1546.3087077477007,4102.563041501575
2016-04-17,1344.7595223981357,-1301.9687329986677,4098.831647104546
2016-04-18,1348.8733180223735,-1204.2952402184953,4124.004187190642
2016-04-19,1351.5846276376255,-1517.7290476588382,4010.595167822016
2016-04-21,1351.1784182336814,-1632.7154723799172,4035.7686325294176
2016-04-22,1347.5189085008724,-1140.5208561659156,4036.944925694959
2016-04-23,1341.3839506194558,-1180.4084169430828,4316.530050561954
2016-04-24,1332.7899610729912,-1346.6195268887277,4073.313272686713
2016-04-25,1321.866147144387,-1451.76926722768,4042.905417196823
2016-04-26,1308.8481554923003,-1431.9946091757474,3929.4861492624195
2016-04-28,1277.9456923185194,-1665.8897488644704,3930.3695077800617
2016-04-30,1243.6779982987607,-1518.7674003415652,4069.321645925376
2016-05-01,1226.657215327406,-1483.197492662625,4021.6952096319587
2016-05-02,1210.504846733966,-1315.338370189623,4007.1420751834453
2016-05-03,1195.8207987589667,-1739.612321414156,4014.6390276750967
2016-05-05,1173.1498566730133,-1462.3247638799103,3800.5828600897344
2016-05-06,1166.2037014422917,-1503.7641849759518,3959.675845344491
2016-05-07,1162.7761770237566,-1778.809372035295,3887.0910046127105
2016-05-08,1163.2154295662717,-1806.6766287786777,3949.0591724342444
2016-05-09,1167.7797338152398,-1534.506094984829,3967.5900751336076
2016-05-10,1176.629696541389,-1845.1077101439225,4011.403057098781
2016-05-11,1189.8232245447357,-1617.2915055423807,3861.673753866757
2016-05-12,1207.3133499855035,-1820.8135401697696,4182.845791766752
2016-05-14,1254.4781246966763,-1384.4110216471208,4266.29136537622
2016-05-15,1283.5546014913398,-1332.3546629282057,4212.662242560809
2016-05-16,1315.7461052784554,-1599.718385426141,4097.30015168501
2016-05-17,1350.5452693352015,-1324.5499414868816,4017.855514881265
2016-05-18,1387.382249464456,-1456.6259581367253,4159.152837169994
2016-05-19,1425.6388393776892,-1352.1930440879557,4271.875837349703
2016-05-20,1464.6636586440834,-1325.335431483366,4470.395843923873
2016-05-21,1503.8211109822755,-1233.011295653422,4285.775048982687
2016-05-22,1542.4080641324495,-1352.8141107844272,4333.165419681385
2016-05-23,1579.7690507943043,-1194.4459250598097,4440.782703156218
2016-05-24,1615.2783457189787,-1126.770036655564,4444.256584911805
2016-05-25,1648.3541451768479,-1204.573691087166,4395.7361754452395
2016-05-26,1678.4713736242315,-1158.0908630170459,4596.365789099992
2016-05-27,1705.172810773488,-1045.772440719246,4623.962513086053
2016-05-28,1728.0782850925398,-1087.5808317353715,4522.467048439843
2016-05-29,1746.8917383581022,-1103.6764032295152,4443.470446111754
2016-05-30,1761.4060285058422,-961.8551411097411,4465.5172707242855
2016-05-31,1771.5054027931944,-1071.2602088217186,4360.817286487923
2016-06-02,1778.4519108306235,-1080.6978312414742,4695.259614391543
2016-06-03,1775.5145117015247,-983.6414484589376,4702.93718775518
2016-06-04,1768.582590816924,-1082.9394941314324,4802.055346695164
2016-06-05,1757.9561488497884,-947.9147438165842,4360.735811848839
2016-06-06,1743.9965462927426,-1017.918527167154,4600.464898046237
2016-06-07,1727.1158280752816,-1081.872182726727,4510.478979850805
2016-06-09,1686.4228980133994,-1169.8118419497853,4549.428863533988
2016-06-10,1663.5820761053385,-1321.5833249782982,4466.891905919451
2016-06-11,1639.7385707018302,-1089.808508755629,4766.893124937812
2016-06-12,1615.3793366008613,-1077.7115186493838,4441.235123187747
2016-06-13,1590.9715635990503,-1317.514767582593,4202.856903781577
2016-06-14,1566.952832301143,-1167.7789673819982,4406.2467930182165
2016-06-15,1543.7225204995316,-1358.7621162829098,4044.440683852585
2016-06-16,1521.6346415620415,-1357.9357513176587,4413.530665677622
2016-06-17,1500.992248816483,-991.9624896730702,4302.059767412814
2016-06-18,1482.043490073077,-1288.789323207155,4262.3710040928345
2016-06-19,1464.979345713257,-1183.5806887122458,4387.311210143461
2016-06-20,1449.9330337279525,-1382.5742006106059,4307.547615932523
2016-06-21,1436.9810171576314,-1112.972282943738,4293.173374628884
2016-06-23,1417.3982976674217,-1328.6322026053886,4326.3915591161
2016-06-24,1410.6657951635732,-1322.447414074896,4128.778009634352
2016-06-25,1405.8349569209015,-1448.456313981124,4078.080664396993
2016-06-26,1402.7599847717886,-1471.1162583136024,4305.906930682249
2016-06-27,1401.2694863067125,-1210.3223195810863,4336.538950061784
2016-06-28,1401.1738725015525,-1281.9060074239424,4165.570976523843
2016-06-29,1402.2727466473232,-1154.0652424906802,4166.59333885473
2016-06-30,1404.3620525592648,-1632.9689310611618,4343.011695924665
2016-07-01,1407.2407679047892,-1339.7481155158478,4327.207505433525
2016-07-02,1410.7169525419476,-1529.6484002686318,4048.739988671208
2016-07-03,1414.6526040246256,-1419.393060236828,4193.721056392945
2016-07-04,1418.8491285548575,-1242.133707811462,4087.1785618931904
2016-07-07,1431.7551177583728,-1369.1333727145802,4077.9127701734333
2016-07-08,1435.8703942128993,-1517.3952589228927,4089.9914548499955
2016-07-09,1439.8085236106538,-1486.5408483740125,4206.336819691347
2016-07-10,1443.5540328430284,-1294.5788761153567,4208.320960743776
2016-07-12,1450.5014716892724,-1197.8622759530786,4229.070004159364
2016-07-14,1456.9248006224627,-1091.1234537997163,4264.1358939799275
2016-07-15,1460.0483219892667,-1427.2358121608943,4343.545587076171
2016-07-16,1463.1771652643351,-1239.4552450769265,4270.79350771163
2016-07-17,1466.3564920778028,-1252.2348631940304,4181.525519915945
2016-07-18,1469.6250316111127,-1220.4243228150176,4245.594382698987
2016-07-19,1473.012296035302,-1341.4320583639133,4287.703886551672
2016-07-20,1476.5364887092037,-1344.5945532801297,4316.341118176866
2016-07-21,1480.2031992793932,-1056.6695391924152,4260.019129712578
2016-07-22,1484.0049488120753,-1209.5785906373033,4206.7645934905995
2016-07-23,1487.9216149637782,-1277.613363759988,4217.543662852957
2016-07-24,1491.921733086059,-1351.2554851869304,4244.538976485355
2016-07-25,1495.9646351769559,-1312.7100250197127,4230.75452935012
2016-07-28,1507.8708727248184,-1290.664321620399,4319.379852573234
2016-07-29,1511.6089333298814,-1398.1489905292246,4244.468918112019
2016-07-30,1515.170549302487,-1184.649829596972,4172.111615805299
2016-07-31,1518.5392233638063,-1324.7390516616947,4383.649722461275
2016-08-01,1521.7183926146117,-1079.6468298202494,4417.558021208339
2016-08-02,1524.7356821811438,-1232.4549100049162,4059.0744768299833
2016-08-03,1527.6466348452577,-1241.6046442059062,4356.9313829492985
2016-08-04,1530.5377458875885,-1434.5218095054095,4424.327357258689
2016-08-05,1533.5286499631711,-1351.3082309762017,4166.308726124936
2016-08-06,1536.7733296095716,-1247.9279033999019,4324.052351938265
2016-08-07,1540.460242275272,-1190.4307786969298,4516.170536265919
2016-08-08,1544.8112937487756,-1306.0943315760549,4215.653224972981
2016-08-09,1550.079619638293,-1250.788238905944,4465.386433463246
2016-08-11,1564.5151453377202,-1283.3853285634893,4213.837734984071
2016-08-12,1574.3083091416827,-1319.30383724124,4359.343517671301
2016-08-13,1586.2583546168976,-997.7337074604836,4418.167149263985
2016-08-14,1600.7013878749208,-1279.3520445218041,4171.761686348785
2016-08-15,1617.9687365376383,-1295.260300445994,4527.741658849917
2016-08-16,1638.3782582062872,-1126.9688607300911,4282.294303484975
2016-08-17,1662.2253596452463,-1079.0739914535388,4323.415703413405
2016-08-18,1689.8193707492755,-1012.5629515732511,4445.560790204612
2016-08-19,1721.3383976590515,-1256.242732731812,4309.608216834483
2016-08-20,1756.957100803862,-916.4340350803421,4485.437866793816
2016-08-21,1796.793413323556,-1212.6573061265608,4612.33841731121
2016-08-22,1840.9015243525357,-776.8721137492935,4594.80989677446
2016-08-23,1889.2659075287374,-781.385180579516,4602.127613132766
2016-08-26,2058.6057929613617,-507.9645203809831,4788.609857666745
2016-08-27,2122.30934281607,-699.9899055886021,4783.973933865161
2016-08-28,2189.0302629282787,-830.5986001397616,4966.4289592540035
2016-08-29,2258.286874148631,-538.9856963907002,5082.939736073483
2016-08-30,2329.5265688322906,-509.1011394853741,5172.742332720684
2016-08-31,2402.132039362093,-245.4418730985737,5244.472724163729
2016-09-01,2475.428981775063,-529.739056925163,5241.1307027895145
2016-09-02,2548.695143549787,-265.1809548377893,5400.558417762847
2016-09-03,2621.1705541298215,-255.6594972520722,5290.383511175459
2016-09-04,2692.068750242125,9.75215761387501,5425.449041538963
2016-09-05,2760.5887860983876,50.31852732877955,5788.636649539374
2016-09-06,2825.927801606068,78.14659463208928,5524.034190362465
2016-09-08,2943.91916096189,163.45062784249563,5822.993786281167
2016-09-09,2995.072332055822,324.25429187806685,5688.523868703981
2016-09-10,3040.0713114996147,291.1942244374143,5584.515433295217
2016-09-11,3078.294838622407,173.49921153348564,5690.190103222021
2016-09-12,3109.1933884989394,281.62056939712176,5685.879667284511
2016-09-13,3132.2990036521824,302.61990715077303,5893.706941089654
2016-09-14,3147.2338992503683,432.05705326910845,5786.41053577792
2016-09-15,3153.7176939485007,604.4147308540124,5919.698648471237
2016-09-16,3151.5731466575835,562.3121851126411,5851.705860049236
2016-09-17,3140.7303092548973,194.6670571080593,5664.906610660955
2016-09-18,3121.22903581476,509.44030324114766,5933.788424851017
2016-09-19,3093.2198196170975,521.5552749775408,5970.132928547429
2016-09-20,3056.962959281422,153.53910846391278,5982.964472636955
2016-09-22,2961.2800968456695,274.48642345612257,5835.48104415152
2016-09-23,2902.8936131316823,81.33857720690447,5793.411672641466
2016-09-24,2838.32600646875,200.0301735069026,5626.642756700357
2016-09-25,2768.3191773367453,-51.23979971890275,5455.041106969245
2016-09-26,2693.688188504445,-207.3675961464544,5407.244197777394
2016-09-27,2615.31091754867,-327.56395752232834,5193.692529463215
2016-09-28,2534.1168880928726,-243.9403348227903,5512.805999602309
2016-09-29,2451.075447401675,-455.84728108901794,5271.05677142741
2016-09-30,2367.1834612402736,-274.98353298257405,5028.660453338417
2016-10-01,2283.463216721601,-702.4876652966228,5032.040273530554
2016-10-02,2200.9181059953708,-657.7549330127898,5009.5480799757215
2016-10-03,2120.551449243493,-485.9142736259534,5024.081256635831
2016-10-04,2043.3434232012942,-606.1804107167407,4687.156746394449
2016-10-06,1902.1354268370785,-793.1286848514954,4576.96931250895
2016-10-07,1839.872661526737,-1171.1727666219324,4882.048806657918
2016-10-08,1784.2214200097665,-1177.036484023137,4387.80968496395
2016-10-09,1735.8744181044167,-894.492216705836,4702.362519955
2016-10-10,1695.437630365654,-1312.2458055598943,4347.731219194171
2016-10-11,1663.4227531337913,-1090.7914470300443,4439.059079465171
2016-10-13,1626.196893343752,-1073.1806616416466,4426.444355153802
2016-10-14,1621.486342150095,-1270.031150571923,4418.060545900323
2016-10-15,1626.1920121848416,-1382.580577914678,4387.963087007144
2016-10-16,1640.2830760351596,-1126.7090240062644,4423.9422497506575
2016-10-17,1663.6151456976968,-1136.1018947175646,4491.723491898318
2016-10-18,1695.9318155185895,-1053.305119271064,4544.8160988748505
2016-10-20,1785.9524010556631,-928.5599853269357,4699.404805464277
2016-10-21,1842.617057269762,-721.6035798230682,4768.882040830685
2016-10-22,1906.2006473451922,-748.9709945323339,4518.145015710113
2016-10-23,1975.9587843070863,-712.4574122511585,4883.576960138742
2016-10-24,2051.073254503624,-853.1037146866371,4645.852733351282
2016-10-25,2130.6627692497214,-729.6279434016436,4716.820925450075
2016-10-27,2299.497946606019,-387.89382312135507,5258.641268764608
2016-10-28,2386.7759532830187,-581.7627472423088,5236.325891719452
2016-10-29,2474.6210980883434,-287.9274106060642,5357.9671606888
2016-10-30,2562.028875340625,-219.3451557860579,5298.7745166046425
2016-10-31,2648.012504045415,-169.08018769126284,5317.003418637434
2016-11-01,2731.6174654790093,-21.20522694338116,5206.127583184527
2016-11-03,2888.119782664404,3.756875520312904,5634.773678524347
2016-11-04,2959.395159524337,158.36682601598224,5735.235403212898
2016-11-05,3025.07299207095,480.5575867433144,5855.847780327208
2016-11-06,3084.560579454809,391.98448884883555,5840.663047270455
2016-11-07,3137.3708037954825,263.29592901915703,5653.629538990494
2016-11-08,3183.1298261683623,544.4917487492829,5906.444030859925
2016-11-09,3221.582919649677,534.0555114765892,6023.221782484744
2016-11-10,3252.5982723526777,498.9725367742309,6097.145078601384
2016-11-11,3276.168625015929,645.4889270532486,6055.457935819666
2016-11-12,3292.4106442604307,558.6127001500087,5977.316463589336
2016-11-13,3301.5619736048675,663.2134106062075,6149.206884970339
2016-11-14,3303.9759601140536,271.82214583670464,6172.321146245395
2016-11-15,3300.1140354350455,517.3368785011191,5949.989241386413
2016-11-16,3290.535946074122,324.64290135949454,6201.532723519165
2016-11-17,3275.887855752345,422.2554988118228,6154.943456713009
2016-11-18,3256.8885591616854,514.9122621068907,5941.466202784543
2016-11-19,3234.3140279261647,557.1802100276,6055.233633923216
2016-11-20,3208.9805658995656,493.01401472272846,5885.675870162058
2016-11-21,3181.726891928218,340.36927221214665,6075.38277524665
2016-11-22,3153.395503746561,392.6716442766182,5879.497405019643
2016-11-23,3124.8137055947086,238.02803531416237,5812.259554466057
2016-11-24,3096.774703405088,277.21119445312377,5831.585827603888
2016-11-25,3070.019184100087,202.48233439967916,5618.237273224826
2016-11-26,3045.217798951302,26.25820254786271,5662.4088505161535
2016-11-27,3022.95496457818,352.93809934471614,5951.030723338337
2016-11-28,3003.714378719441,-10.375088156750417,5804.9229207192375
2016-11-29,2987.8666213792167,-51.21100519108901,5804.196424762443
2016-11-30,2975.6591755670593,212.98239677233087,5786.4098634947
2016-12-01,2967.2091561248394,567.3667744001914,5764.665446273879
2016-12-02,2962.498980821855,303.80278192116054,5805.338237135332
2016-12-03,2961.3751560544138,298.78534965975257,5813.853355736438
2016-12-04,2963.550281332906,259.2847816443404,5785.059225527613
2016-12-05,2968.608303783962,290.14971490201816,5599.090107227194
2016-12-06,2976.012977773413,254.68790627689026,5651.910070373978
2016-12-08,2995.1884716359,258.5165826676629,5752.0001053252945
2016-12-09,3005.4038609837635,237.89700933536216,5602.1791790969055
2016-12-10,3014.8913773558666,264.15379257450365,5756.961308124334
2016-12-11,3022.740094077727,379.0397829491163,5930.02407500844
2016-12-12,3028.024910222847,375.40636189948265,5628.268282763713
2016-12-13,3029.829991248504,309.1801347983755,5775.04530990076
2016-12-14,3027.2725523129125,279.6743543010413,6101.942227314833
2016-12-15,3019.5264186269583,158.68085032953928,5914.548170725158
2016-12-16,3005.844788377099,383.67921809186464,5809.221727114118
2016-12-17,2985.5816288674596,226.39793981802708,5644.293009654913
2016-12-18,2958.2111558292595,104.61873639187445,6006.899759249062
2016-12-19,2923.344879222231,204.43209026802057,5704.955835309539
2016-12-20,2880.7457458441504,-15.989807271426752,5470.309419771154
2016-12-22,2772.2192055188993,-53.49694373991534,5508.7257171112415
2016-12-23,2706.65382650955,-239.8136168387826,5719.667651488299
2016-12-24,2634.0821086733026,-179.5301850828443,5299.370059827719
2016-12-25,2555.110280569153,-121.81121208170963,5572.4795210736565
2016-12-26,2470.5024495116677,-436.19172000600815,5229.242904745711
2016-12-27,2381.1675366022155,-270.6047332528477,5018.695513998397
2016-12-29,2192.571865927467,-592.5922346303995,4896.936535263592
2016-12-30,2095.684890469079,-817.4109968306095,4798.011284637812
2016-12-31,1998.7693488930606,-846.8592016626936,4672.4102811065495
2017-01-01,1903.144026959684,-806.0844532704957,4772.219894952472
2017-01-02,1810.1296431028227,-1127.0699172172408,4497.982858939084
2017-01-03,1721.0191768945015,-1112.633759509561,4457.942991512046
2017-01-06,1489.0094737905565,-1282.762104740185,4202.233328490334
2017-01-07,1426.8748760251624,-1417.4743034967162,4367.301670677613
2017-01-08,1373.6988969791732,-1362.244676235579,4129.648951710978
2017-01-09,1330.03792817179,-1513.8682941823783,4046.480787156559
2017-01-12,1258.7256542331465,-1633.9973882131326,3994.117348918591
2017-01-13,1254.6582321108094,-1575.5558292585797,4073.1712299025126
2017-01-14,1259.8217696361926,-1535.5350867286325,4025.3082864246553
2017-01-15,1273.5391449198758,-1702.8608654305422,3987.724098371731
2017-01-16,1294.9470394942807,-1529.30758042977,4017.3330893276725
2017-01-19,1394.3009252706997,-1479.8225880146938,3997.2719132111815
2017-01-20,1434.8390924738687,-1333.2196951524086,4247.150954605163
2017-01-21,1476.7351593691105,-1537.289683000667,4139.055463907987
2017-01-22,1518.5213759987278,-1345.6683881210404,4084.2367896736787
2017-01-23,1558.7403063342945,-1298.0055920103277,4167.820738496933
2017-01-24,1595.9795867819007,-1056.9731466792366,4361.1909629358615
2017-01-26,1656.2981455864187,-1112.5813784322186,4312.477963887273
2017-01-27,1677.0766024164413,-1038.641226852005,4349.6986697492775
2017-01-28,1690.3313520364932,-916.1307342478926,4486.504857137103
2017-01-29,1695.3452635270937,-1063.5125451760155,4241.429775143108
2017-01-30,1691.613351039134,-1012.3950564093955,4656.924494092771
2017-02-02,1626.3412257025868,-1196.7373890555045,4450.275019653875
2017-02-03,1587.2129084384692,-1057.283654593249,4449.093384303141
2017-02-04,1540.3140236942972,-1108.4668612016742,4159.348006415574
2017-02-05,1486.5265998280593,-1254.4806976155523,4243.777665428409
2017-02-06,1426.931726748273,-1146.356405950592,4389.794726764455
2017-02-09,1226.5865273480658,-1548.7352813328537,3906.4989430567734
2017-02-10,1157.6625554750212,-1547.066514850461,3890.4232120875718
2017-02-11,1090.3797887761052,-1775.707118234037,3862.0380866785313
2017-02-13,967.3681176904047,-1817.1720356631604,3821.88637834528
2017-02-16,835.0760123732234,-1867.283603588441,3625.9857020596683
2017-02-17,810.3230929161457,-1834.6234518410515,3424.9714652577177
2017-02-18,797.0140991095047,-1938.4420609549097,3791.677452871275
2017-02-19,795.8981137826972,-2117.6397520303326,3574.5816658833273
2017-02-20,807.4868804234593,-1948.5622389546566,3683.1519847737186
2017-02-21,832.0416896572194,-1857.4096917040565,3433.7815026296084
2017-02-23,919.8031773304172,-1952.092668542632,3586.794004309213
2017-02-24,982.2417527208424,-1996.4677928193707,3844.4313255017814
2017-02-25,1056.1241512231402,-1776.6327213096192,3741.896821279031
2017-02-26,1140.4625937337084,-1584.3724300842462,3816.6129567973703
2017-02-28,1335.5322426462162,-1549.3879419167902,4398.25788466885
2017-03-02,1555.8299705426957,-941.1608498091557,4639.811880792181
2017-03-03,1671.243837914094,-1186.665523054381,4377.694218896475
2017-03-04,1787.7832910218513,-1049.2826784675053,4515.9656741449935
2017-03-05,1903.6332140014856,-696.9552094863312,4818.274444939141
2017-03-06,2017.0021900399802,-830.0843847814136,4690.5948228098
2017-03-07,2126.159255221873,-712.4050970572906,5183.2236124883175
2017-03-08,2229.468945572393,-479.4753419205285,5306.196397718452
2017-03-09,2325.4238434624167,-793.144187548252,5225.278958422136
2017-03-10,2412.6738965311247,-501.6426990356224,5471.334747963964
2017-03-11,2490.0518665283407,-410.52728541208336,5078.902444098856
2017-03-12,2556.5943647721706,-173.93866565529112,5345.181216045957
2017-03-13,2611.5580426512533,-139.47645122834524,5377.769871416766
2017-03-14,2654.430626888499,-177.78808553685764,5529.927532345311
2017-03-16,2703.0375932278885,-227.91121269207846,5396.0324034640535
2017-03-17,2708.9272141336014,-36.758680128299744,5612.574223123621
2017-03-18,2703.0211100259376,-31.773470303321492,5597.888277758829
2017-03-19,2685.9419995161943,-125.25459138786262,5432.179569758861
2017-03-20,2658.5004673050844,72.42331894541393,5299.081991180047
2017-03-21,2621.6719403116867,-23.1638486136995,5422.307416792537
2017-03-23,2524.420103646699,-150.3907587701314,5334.081414166391
2017-03-24,2466.5243011632338,-264.0258266652402,5382.641429516581
2017-03-25,2404.2346354902684,-489.06342866769126,5087.015134560781
2017-03-26,2338.9190861948696,-359.9590189524475,4983.155939338295
2017-03-27,2271.930977848242,-733.3138556887191,5115.323426657392
2017-03-28,2204.579210751012,-685.4545000692162,5178.155719659591
2017-03-29,2138.100492155294,-598.7144299591081,4911.746883488507
2017-03-30,2073.6341991919103,-598.8192414416993,4942.186659552201
2017-03-31,2012.2004261888485,-1022.7570699406127,4863.238989728845
2017-04-01,1954.6816778301438,-866.1843735225539,4700.833254266665
2017-04-02,1901.8085681525827,-646.28728748545,4651.975046256518
2017-04-03,1854.149776474519,-892.5286918782053,4570.607004717598
2017-04-04,1812.1063980222136,-894.8273541409707,4796.67293132127
2017-04-06,1745.629274830639,-1248.0892701782795,4522.784338751202
2017-04-07,1721.1701451384906,-1088.1930592560702,4568.641811793056
2017-04-08,1702.2939277550379,-999.6292475533168,4680.36231156644
2017-04-09,1688.628254666939,-1065.58313511311,4452.022370574506
2017-04-10,1679.6852222549114,-1023.1683326998914,4394.946895610841
2017-04-11,1674.8812472086227,-1119.722436598556,4626.519206779849
2017-04-12,1673.5587500110964,-1371.9178271079984,4368.393923850821
2017-04-13,1675.0090408510766,-1175.1471236105842,4379.572657733128
2017-04-14,1678.4957655478095,-1126.374120614869,4383.798427503808
2017-04-15,1683.2782690633023,-968.5719598344251,4275.609663826631
2017-04-16,1688.6342511370858,-1185.8319539044087,4583.003825381379
2017-04-17,1693.8811217523182,-1120.000925812335,4556.677001698137
2017-04-20,1703.129859895029,-1368.4421038088547,4378.803165237682
2017-04-21,1702.5398462616336,-954.4446498979472,4400.310403472713
2017-04-22,1699.6168892491519,-918.8654241808523,4383.783872879511
2017-04-23,1694.232441833928,-1123.7230871434776,4634.262814098534
2017-04-24,1686.374106058443,-983.2761365836878,4608.663267174951
2017-04-25,1676.1433639367965,-1081.1058269301527,4618.451620229044
2017-04-26,1663.7500164090393,-1148.3726619243048,4353.257141654224
2017-04-27,1649.5035597152068,-1137.2996049525484,4306.1546063270935
2017-04-28,1633.8018073231992,-1201.3033003036671,4404.186968783083
2017-04-29,1617.1171343876072,-1328.6781063833469,4335.821707409423
2017-04-30,1599.9807789626732,-981.7902500727864,4510.05594824787
2017-05-01,1582.9656784982067,-1001.2394128169225,4367.93487772646
2017-05-02,1566.6683505565634,-1284.7214990945017,4351.897335407782
2017-05-03,1551.6903426289405,-977.1898582145852,4091.0899782395895
2017-05-04,1538.6197772441265,-1285.8700116097004,4427.917008571324
2017-05-05,1528.0135054837529,-1378.8229679256892,4181.47937363973
2017-05-06,1520.3803551863082,-1194.29608156417,4306.124068146649
2017-05-07,1516.1659205179772,-1357.0504485076315,4248.529947301948
2017-05-08,1515.739288549998,-1206.5507565467733,4225.198934697126
2017-05-09,1519.3820376209708,-1381.8221366646756,4203.245376019351
2017-05-11,1539.516394111114,-1251.9100998597146,4279.2889746435785
2017-05-12,1556.0711968530425,-1219.8089605721777,4183.851034827195
2017-05-13,1576.8188589766985,-1252.4117138416084,4210.7178757003085
2017-05-14,1601.5322466055973,-1129.7922160367045,4386.535661195729
2017-05-15,1629.8879280050164,-1366.4102090111192,4446.037544334329
2017-05-16,1661.4741969812223,-1234.4134324495994,4513.483650078638
2017-05-18,1732.3138811881522,-731.3401070279539,4519.8929619785
2017-05-19,1770.4042943781913,-1047.0794030099971,4602.615766961502
2017-05-20,1809.4280331042874,-997.8456066731258,4522.657158636303
2017-05-21,1848.7192091493498,-981.3418971215866,4608.876745419431
2017-05-22,1887.606635769811,-859.9216618141044,4536.42046541916
2017-05-23,1925.429753596658,-899.6420735103702,4774.122330076632
2017-05-25,1995.3854100277658,-911.9307560827403,4751.678968719568
2017-05-26,2026.3835335193062,-648.9022909468016,4788.8668156682525
2017-05-27,2054.0732714883275,-693.5785773673045,4888.986938487803
2017-05-28,2078.0544419892885,-564.4228742627141,4860.281060311575
2017-05-29,2098.0094181925956,-659.0905072860165,4783.619610473004
2017-05-30,2113.708505583889,-851.7623434783178,4939.102171093597
2017-06-01,2131.875909855868,-618.1851190451458,4876.772892061566
2017-06-02,2134.34038015797,-723.4757098303501,4750.343228993923
2017-06-03,2132.535936786564,-615.2432785903646,4789.587444530502
2017-06-04,2126.67270160942,-626.2346223816646,4976.239770317513
2017-06-05,2117.033799316259,-654.3551364863364,4997.219712068364
2017-06-06,2103.966210363931,-741.5382605645501,4588.64503983453
2017-06-08,2069.188776355534,-701.5705838776948,4966.295625447159
2017-06-09,2048.3941052793252,-519.4683237554766,4601.379193900938
2017-06-10,2025.9768987708985,-766.0961136993536,4757.844345895028
2017-06-11,2002.4334366682522,-747.2575746458292,4790.826294283477
2017-06-12,1978.2539511646141,-965.2047522071148,4836.793520548744
2017-06-13,1953.9115404216634,-1016.2824160332491,4792.095395037002
2017-06-15,1906.4851242886625,-850.5687767802824,4584.573872953867
2017-06-16,1884.1767194602135,-1046.8649993700851,4584.532927980323
2017-06-17,1863.2430594573457,-883.6960296112092,4733.981170681532
2017-06-18,1843.9462963836872,-879.323189992311,4671.640028043926
2017-06-19,1826.4918226261834,-869.8963144608932,4699.1606999968035
2017-06-20,1811.0272633844024,-915.059960674556,4552.1957328354165
2017-06-21,1797.6430920623848,-1164.0225067849549,4572.210805635582
2017-06-22,1786.3747702621056,-1108.1955013744728,4465.908560400046
2017-06-24,1770.074825341726,-1042.8602093985141,4318.563243769144
2017-06-25,1764.8766441291796,-936.3509466806343,4668.600915710922
2017-06-26,1761.473463730682,-1201.8936850251803,4489.714437523531
2017-06-27,1759.6996017140043,-1050.1045543658697,4525.705183230938
2017-06-29,1760.284243678989,-934.8152519809377,4614.261074082503
2017-06-30,1762.2405794665644,-1149.5719713653734,4594.482262672317
2017-07-01,1765.035952432655,-913.7582584213957,4238.432394073128
2017-07-02,1768.4756264755051,-1220.374777155662,4634.200107988237
2017-07-03,1772.3779627311671,-878.5630487053023,4384.1254730831015
2017-07-05,1780.9358654533685,-1213.477222910848,4497.830126822809
2017-07-06,1785.329532553288,-1016.8984824722343,4728.562113555382
2017-07-07,1789.665938876639,-1222.1510835138013,4530.372915959464
2017-07-08,1793.876444183685,-973.6497779208931,4636.853703857654
2017-07-09,1797.917102797992,-1065.0213764699693,4634.101016660259
2017-07-10,1801.7670301591643,-849.6798387737601,4448.170657749943
2017-07-11,1805.4259532752096,-1051.9905881548727,4547.862030607735
2017-07-12,1808.9110879345003,-977.2663950206492,4525.912507439019
2017-07-13,1812.2535056211184,-982.5785613989873,4579.182432842971
2017-07-14,1815.494167087669,-1076.4316210886032,4434.745241367643
2017-07-15,1818.6798071492437,-925.5643624957456,4416.137204444309
2017-07-16,1821.8588562957655,-955.9247514462539,4690.143121253057
2017-07-17,1825.0775792576446,-856.994671402365,4603.42950496777
2017-07-18,1828.3765989597082,-1110.5949754182955,4587.568905905741
2017-07-20,1835.3328378269082,-1194.379450869331,4742.740111826552
2017-07-21,1839.0200616489599,-810.3381521507953,4963.151988247337
2017-07-22,1842.8454112168035,-959.5537563361495,4449.97881720067
2017-07-23,1846.7918368848614,-898.8100674271491,4498.082704476133
2017-07-24,1850.8305408175786,-1156.4258929557786,4607.628913713495
2017-07-25,1854.9229118717412,-975.4796021168675,4614.937569063997
2017-07-26,1859.0232481693386,-1104.8629287176298,4634.619795002736
2017-07-27,1863.0821734613246,-879.0311948308184,4822.355188505109
2017-07-28,1867.050625364047,-901.9831793891149,4813.506994073394
2017-07-29,1870.8842695168792,-1075.3322038712754,4707.804212096657
2017-07-30,1874.5481744448464,-746.239387787037,4686.801453995556
2017-07-31,1878.0215680304889,-802.6280304022288,4648.675176623615
2017-08-01,1881.3024884784447,-861.3234977782267,4736.735446432242
2017-08-03,1887.3987738006551,-1259.253628538879,4374.29272858673
2017-08-04,1890.340904205514,-909.9742852912773,4640.6042047952615
2017-08-05,1893.349728280055,-1040.7682539435482,4637.978391912421
2017-08-06,1896.57058595483,-754.5579172125842,4697.345799468422
2017-08-07,1900.1833662059785,-895.6524074232008,4792.592412663005
2017-08-10,1915.6666589872193,-959.192565765865,4705.131452383244
2017-08-11,1923.286392713606,-839.4817827949596,4857.864641614931
2017-08-12,1932.6485750413635,-1211.625976804422,4607.187001999215
2017-08-13,1944.083839789567,-858.6544433518626,4859.449745337827
2017-08-14,1957.928183673634,-751.841921024142,4865.1028658906125
2017-08-15,1974.514927750403,-654.0932026961418,4665.474888329842
2017-08-16,1994.1661314971807,-571.1297688644639,4768.806352277895
2017-08-17,2017.1836638813375,-941.5034538888277,4596.972067217562
2017-08-18,2043.8401512252988,-911.5216742826578,5006.02390742919
2017-08-19,2074.3700312795822,-711.7567442922834,4854.297889372107
2017-08-20,2108.9609463910065,-654.7647844047999,4770.070396005072
2017-08-21,2147.7457058824925,-739.7275465283856,4929.193093580019
2017-08-22,2190.7950388060294,-628.4892180067599,5037.648900051231
2017-08-23,2238.1113433419237,-579.6885190176463,5045.755516799915
2017-08-24,2289.6236186776177,-423.45678549076865,5051.106703594534
2017-08-25,2345.1837397853633,-398.1000098778153,4951.977269966354
2017-08-26,2404.5642057980494,-356.2771210061422,5128.106825519567
2017-08-27,2467.4574594706805,-210.51025579445664,5242.274978281872
2017-08-28,2533.476839389464,-9.308048593132838,5122.636439188196
2017-08-29,2602.159189103342,-191.14366163643493,5417.447027892749
2017-08-31,2745.304800462546,3.62719971142261,5521.500051604534
2017-09-01,2818.505409763478,-18.437352149841416,5544.4270087745945
2017-09-02,2891.859755783883,38.604487571991974,5674.987002245969
2017-09-03,2964.6162805255935,304.7539074424877,5851.843289612718
2017-09-04,3035.994044833063,282.34297161672885,5837.802849561403
2017-09-05,3105.1945630687737,209.62878571301192,5570.995019669346
2017-09-07,3233.857270534903,477.36474508173154,5870.050017122391
2017-09-08,3291.748468492419,510.9243101417354,6107.822683730204
2017-09-09,3344.3462625656657,462.0710801601915,6381.092295201532
2017-09-10,3390.9551337486473,675.6610771581143,6124.562305655964
2017-09-11,3430.937551172668,676.0905501915181,6186.995809236028
2017-09-12,3463.725089972777,641.4758602289057,6237.418946257812
2017-09-13,3488.8285434275017,965.1440044126349,6412.060771791075
2017-09-14,3505.846849697361,613.2562358994384,6160.688636995265
2017-09-15,3514.4746786107094,781.9046108971207,6319.474430301506
2017-09-16,3514.5085515685228,473.8381973660754,6306.089354965378
2017-09-17,3505.8513970416643,684.7752958429668,6311.634755979517
2017-09-18,3488.515474559386,658.9884313928659,6234.621672679365
2017-09-19,3462.623630806256,674.2448471068004,6223.488144098435
2017-09-20,3428.40888174365,767.8322740306706,5894.595207160176
2017-09-21,3386.212343900598,739.0682179516881,6346.418090150625
2017-09-22,3336.4795655475627,730.5868146614494,6130.58948838589
2017-09-23,3279.7553338547677,563.2805717333034,6204.253421155634
2017-09-24,3216.6770569501373,425.3172231196215,5903.897798544076
2017-09-25,3147.9668396779016,398.88788195161794,5999.222218877339
2017-09-26,3074.4223886224595,191.4642722304809,6016.273795178307
2017-09-28,2916.3380580760013,312.7059304734088,5832.036907599595
2017-09-29,2833.676405458733,128.11704794948162,5429.5494306593455
2017-09-30,2749.913097317246,-31.918381403938607,5678.693477386367
2017-10-01,2666.0573693581537,-279.4179504229118,5285.1874178733015
2017-10-02,2583.12379472103,-225.2669371385884,5300.806640406192
2017-10-03,2502.1195279725866,-168.15954032913032,5572.248867342019
2017-10-04,2424.0316926881987,-351.9722201540744,5210.463456149118
2017-10-05,2349.8150665683033,-359.5717187275038,5059.175134812251
2017-10-06,2280.380209769645,-568.9188952084029,5047.644814906431
2017-10-07,2216.582172982068,-609.6868649651118,4968.4807061317815
2017-10-08,2159.209912019578,-613.4859891990723,5042.5753384966
2017-10-09,2108.9765255871775,-680.2135702976984,4669.830557979361
2017-10-10,2066.5104225800355,-718.2920672018536,4787.21297466123
2017-10-12,2006.9245218396122,-809.2688771373649,4695.3502001094985
2017-10-13,1990.5734604524232,-833.6422648146953,4594.226667150569
2017-10-14,1983.5173887613591,-876.7844025525235,4546.471129940257
2017-10-15,1985.8674548729448,-956.4263228001219,4789.010909846168
2017-10-16,1997.6212971693121,-779.6186084686882,4684.999768337529
2017-10-17,2018.662828387629,-659.2905447571353,4570.884385534289
2017-10-19,2087.5845327885813,-658.991924606531,4786.981676970379
2017-10-20,2134.681679971447,-625.1776250129998,4900.241394002799
2017-10-21,2189.5098878014996,-639.4695911375658,5045.164048595392
2017-10-22,2251.4304373624095,-596.4419517131963,4969.454920678029
2017-10-23,2319.7189476588574,-336.34260251937474,5104.122863383444
2017-10-24,2393.57469627372,-384.31128368589503,5107.910185761097
2017-10-26,2554.4672318083626,-149.2786598288595,5197.638169922983
2017-10-27,2639.620306706761,67.34371280745856,5324.788761534518
2017-10-28,2726.598897666926,-32.71977165791959,5434.577827101411
2017-10-29,2814.396812910857,197.47712183384513,5455.511875157543
2017-10-30,2902.007395612489,75.21578429171672,5646.5649601905425
2017-10-31,2988.4380656462326,212.24674487751543,5671.549844373603
2017-11-01,3072.7248860715304,204.97037599529352,5879.048443072525
2017-11-02,3153.9469270489935,451.4459073795387,5853.824115670063
2017-11-03,3231.240190340518,271.6194281884281,5971.432778714036
2017-11-04,3303.8108517808582,641.6130086300408,6096.562072154452
2017-11-05,3370.947577630769,519.11433888673,6183.7328932809405
2017-11-06,3432.0326740193577,720.6694995819444,6262.220000911088
2017-11-07,3486.55183712326,591.3586335653797,6282.661497953891
2017-11-08,3534.1022855828946,829.1294321495907,6118.588405931876
2017-11-09,3574.3990760666848,756.1716763096508,6248.171204982887
2017-11-10,3607.2794278291485,498.8438006825321,6287.475756628307
2017-11-11,3632.7049124402665,823.4055856276648,6348.636410079775
2017-11-12,3650.761400223608,972.9841848378867,6549.019941060536
2017-11-13,3661.656694874949,1011.5705637911271,6546.486083337045
2017-11-14,3665.715831548575,1096.744764364933,6350.895658683941
2017-11-15,3663.374060622783,857.4302673084674,6441.950744457784
2017-11-16,3655.16758840443,834.9304444578688,6574.818727375698
2017-11-17,3641.7221961652226,1046.167421939741,6428.208647953508
2017-11-18,3623.739908923506,738.5125065147544,6554.992759167979
2017-11-19,3601.9839340770172,799.0573096812549,6186.021883757342
2017-11-20,3577.2621360596195,599.7415251878972,6192.569938725945
2017-11-21,3550.4093553648563,539.8327545385948,6343.9804959386265
2017-11-22,3522.268917297216,891.2582118536503,6299.408749759609
2017-11-23,3493.6737064886847,807.8506618232292,6300.441341293584
2017-11-24,3465.427206484602,681.1255244522946,6297.0125738352335
2017-11-25,3438.2849186121857,730.9479979681613,6203.922104544056
2017-11-26,3412.936580131266,772.6713669933945,6194.011764690554
2017-11-27,3389.989597777163,688.7427936883636,6166.389008424827
2017-11-28,3369.9540988866843,554.9224574712532,6285.648339755881
2017-11-29,3353.229978282222,563.3882532401287,6301.6728621311295
2017-11-30,3340.0962851276304,616.3121490318832,5942.255462832351
2017-12-01,3330.7032505188654,559.1112208928395,6010.679647987862
2017-12-02,3325.067204322421,736.9666701381401,6012.19072272706
2017-12-03,3323.0685696999035,545.6728974220556,6116.096927554623
2017-12-04,3324.453057053457,617.5932220919054,6116.810074917129
2017-12-05,3328.8361072214107,801.0631135529085,6000.484892378581
2017-12-06,3335.710558262432,506.25788072078683,5960.558501999334
2017-12-07,3344.45743284438,630.3369384636286,6027.98577639527
2017-12-08,3354.359665989257,425.1392523968312,6203.90105305371
2017-12-09,3364.6185176487807,679.5004805152521,6311.360122381035
2017-12-10,3374.3723432596007,471.7115823473041,6247.844204882753
2017-12-11,3382.7173299583037,766.08342192666,5912.901930519705
2017-12-13,3391.4892215242903,685.368022192614,6123.3425784006395
2017-12-14,3390.1024748532122,673.4917694861809,5980.494428702067
2017-12-15,3383.727006064981,729.513802674836,6186.884321429223
2017-12-16,3371.594101225111,712.229506828437,6060.559409779282
2017-12-17,3353.0306251612947,704.928851426908,6162.096898815962
2017-12-18,3327.4790299601864,537.0554792038156,6094.519802353333
2017-12-19,3294.5150552408295,395.36607244849677,6014.8508401040235
2017-12-20,3253.862637534586,504.5116109029852,5966.704613609301
2017-12-21,3205.405602776108,543.655399996335,5859.651282786165
2017-12-22,3149.1957845070674,607.6602198862664,5948.944533851968
2017-12-23,3085.457289475828,227.72551991866348,5956.517324644185
2017-12-24,3014.5867201722817,181.06914158288117,5642.98489239568
2017-12-25,2937.149258423495,239.15439139345975,5603.471530850304
2017-12-26,2853.8706133103174,157.7628206303191,5617.451494689236
2017-12-27,2765.624937912886,-244.04452991463893,5356.246030345073
2017-12-28,2673.4189202903817,-150.0183660930899,5489.9677682960155
2017-12-29,2578.372352070964,-78.48880081667745,5342.708385594175
2017-12-30,2481.6955705379246,-258.2988285757209,5371.038507172899
2017-12-31,2384.66425474002,-474.29857886582926,5357.817885803447
2018-01-01,2288.5921305841057,-559.4572125886606,5141.9403778683345
2018-01-02,2194.8022020314584,-589.8479826603053,4922.179731047072
2018-01-03,2104.5971736202378,-531.7172760637618,4891.429333916301
2018-01-04,2019.22976205375,-829.7698175923881,4615.916356484855
2018-01-05,1939.8736104492318,-868.5354716645239,4572.234643159268
2018-01-06,1867.5955173003467,-822.049987976562,4705.339805657844
2018-01-07,1803.3296730033421,-1120.361519632253,4547.5459961968245
2018-01-08,1747.8545600934049,-1097.3341001150618,4393.612349407203
2018-01-09,1701.7731197449107,-1236.8161853106628,4537.435031684792
2018-01-10,1665.496717678439,-1216.6059826340986,4413.441567281719
2018-01-11,1639.2333588530455,-1196.5966047301217,4368.533253458313
2018-01-12,1622.9805040756812,-1173.8041380103314,4520.6724481778465
2018-01-13,1616.5227351520198,-1197.2430494555178,4471.075043305564
2018-01-14,1619.4344009356141,-1062.2922482966594,4438.532834103177
2018-01-15,1631.08725735904,-1122.6371067668933,4546.453426409802
2018-01-16,1650.6629931586945,-992.1283770280361,4469.584956508738
2018-01-17,1677.1704125495885,-752.7632316156571,4544.014158079678
2018-01-18,1709.4669295870353,-978.0328297893578,4305.637422370933
2018-01-19,1746.2839193484701,-980.0515900092241,4484.998959148917
2018-01-20,1786.2553711967541,-1033.407898286684,4478.052181537356
2018-01-21,1827.9492018885303,-947.7251429686623,4757.54325183535
2018-01-22,1869.9005134877134,-955.5145063679573,4689.966896180682
2018-01-23,1910.646024947283,-824.7025892114048,4687.263271828759
2018-01-24,1948.7588684198545,-753.4018915736328,4850.958496645032
2018-01-25,1982.8829230014371,-900.6385458508176,4719.807845266451
2018-01-26,2011.7658603841148,-618.2522048027007,4705.854602011421
2018-01-27,2034.290098943443,-807.6284403969349,4858.106955965841
2018-01-28,2049.5009047980943,-689.3192197436633,5047.903656001555
2018-01-29,2056.63093948262,-846.4070142629196,4833.591310828991
2018-01-30,2055.1206327377454,-794.2808785555538,4763.867816860723
2018-01-31,2044.6338537520514,-687.1029685203241,4897.244363762415
2018-02-01,2025.0684627525256,-739.9251670962307,4821.544873113412
2018-02-02,1996.561444564848,-896.5246031356967,4774.883288846168
2018-02-03,1959.4884537546118,-888.0638153207688,4800.810559775897
2018-02-04,1914.4577341069623,-780.8513951210855,4852.7380574072595
2018-02-05,1862.2985102253856,-789.861933888629,4552.38428686844
2018-02-06,1804.0440826038905,-1204.6181474888263,4542.884468174432
2018-02-07,1740.9099863099216,-989.6617560932091,4774.721511674394
2018-02-08,1674.267694203068,-1204.9153349113913,4680.541231388006
2018-02-09,1605.6144553435713,-1188.9062305610896,4412.6334586969515
2018-02-10,1536.539955155103,-1134.1477241644466,4471.097754172519
2018-02-11,1468.6905635466424,-1150.296553655568,4179.237602376775
2018-02-12,1403.7319985071676,-1473.8155964819282,3973.7704828272776
2018-02-13,1343.3112741007985,-1356.7248783975422,4201.498719534178
2018-02-14,1289.0188221796989,-1502.4285917478226,4077.88491270702
2018-02-15,1242.3516759399079,-1569.5941590695493,4040.4974735574433
2018-02-16,1204.678580634256,-1614.3899071482417,3919.2640003437637
2018-02-17,1177.2078528393881,-1640.3231152130759,3801.1006226913673
2018-02-18,1160.9587456943423,-1660.7566365631676,3957.3306067730036
2018-02-19,1156.7369950306324,-1565.6654817030249,3934.061575490553
2018-02-20,1165.1151223334011,-1907.2526309500306,3863.926089157753
2018-02-21,1186.4179574298212,-1609.0528703319503,4034.176483083706
2018-02-22,1220.713719499968,-1364.41460853175,3996.5112976869354
2018-02-23,1267.8108625204998,-1468.2944482082155,4138.711360226596
2018-02-24,1327.2607538682757,-1594.9337238547444,4008.503362567129
2018-02-25,1398.3661159386133,-1503.2229746689277,4140.591528560066
2018-02-26,1480.1950237156386,-1249.6640977981406,4179.182293333314
2018-02-27,1571.600119655243,-1067.1053810705607,4215.3423154027305
2018-02-28,1671.2425842646385,-1232.7644522190933,4538.089445265444
2018-03-01,1777.6202894132887,-872.0992959874777,4669.345406860662
2018-03-02,1889.0994644113089,-626.2577235699337,4769.86839773302
2018-03-03,2003.9491246137006,-894.104789916306,4886.7185722887125
2018-03-04,2120.377450685379,-557.9883732513091,4887.341670174138
2018-03-05,2236.569265135391,-556.5581292102434,5137.258246619659
2018-03-06,2350.7237322537244,-303.8894947053409,5206.751099779182
2018-03-07,2461.091408563738,-294.5229522096993,5121.282889945472
2018-03-08,2566.009793196927,-203.13553909212658,5193.448817447099
2018-03-09,2663.9365705290543,18.38455180564188,5482.043217121385
2018-03-10,2753.4797997813384,-100.42040036142637,5633.611472253435
2018-03-11,2833.4243864303553,145.07187545608554,5399.849300594908
2018-03-12,2902.75426602316,29.971885249075193,5820.230279745784
2018-03-13,2960.669839879456,233.57440007708158,5859.554431854582
2018-03-14,3006.600321349638,331.45402544853584,5898.854587576626
2018-03-15,3040.21077770074,325.84196183121765,6041.266499015345
2018-03-16,3061.403783113775,237.47138653967195,5772.332239249918
2018-03-17,3070.3157293611916,255.76029051595796,5770.34044478284
2018-03-18,3067.3079692141673,161.80784657546283,6020.600381499316
2018-03-19,3052.9530902764463,272.6476830848844,6011.288803690026
2018-03-20,3028.016730737063,518.1670998642088,5790.109169668073
2018-03-21,2993.4354506906247,169.58133510370172,5560.5553204284615
2018-03-22,2950.2912607338767,167.16522470828886,5595.667512051913
2018-03-23,2899.783481445882,45.99149949341274,5617.341314081775
2018-03-24,2843.1986614513758,-41.59512853029812,5699.4382300963125
2018-03-25,2781.879316887606,-13.229454900307124,5371.055969238838
2018-03-26,2717.192270595462,-226.01810091781059,5304.3769397490605
2018-03-27,2650.4973650656993,-107.70019839250676,5598.5839355182015
2018-03-28,2583.1172994655526,-306.6654502168238,5394.7266839464455
2018-03-29,2516.3092988087724,-252.82013039906207,5300.382112569954
2018-03-30,2451.239263838875,-298.7622190709716,5279.4304577193
2018-03-31,2388.9589752296806,-398.77732284146913,5051.09728337685
2018-04-01,2330.386837423191,-473.6233112026491,5125.390493034276
2018-04-02,2276.292548271398,-428.228155857363,5110.516609840501
2018-04-03,2227.2859733452674,-622.0744948758647,5182.81138512447
2018-04-04,2183.8103912129395,-562.716442326002,4949.420786793098
2018-04-05,2146.14016116263,-455.36528355693986,5048.520456400993
2018-04-06,2114.3827507663577,-550.1036623443346,4885.192150663493
2018-04-07,2088.48495029551,-497.25846019477655,5090.116415509025
2018-04-08,2068.242997132488,-564.935850428724,4618.402831225901
2018-04-09,2053.3162385731775,-581.7015641719393,4802.3366923463045
2018-04-10,2043.24387811232,-1020.4903087058664,4793.995995958936
2018-04-11,2037.4642804463026,-708.4203188970507,4710.671123178073
2018-04-12,2035.3362556184252,-776.4652316064446,4716.79655362339
2018-04-13,2036.16170417189,-805.2837414475416,4701.014431183281
2018-04-14,2039.2089835911938,-770.1417362563267,4778.217584681387
2018-04-15,2043.736352002882,-720.2096704038707,4626.106453913939
2018-04-16,2049.014857870358,-844.9990067435606,4736.550853722257
2018-04-17,2054.350073634839,-667.0699413124515,4833.354199536112
2018-04-18,2059.1021158596245,-781.5294812961205,4780.451027089229
2018-04-19,2062.7034529649554,-845.3437552475584,4830.677175014616
2018-04-20,2064.674072301891,-517.9080037060443,4784.370312828349
2018-04-21,2064.6336589946236,-866.165865139253,4639.504955189078
2018-04-22,2062.3105273517353,-724.2400165845319,4803.235938770794
2018-04-23,2057.5471391986057,-804.5803493646002,4802.79589723139
2018-04-24,2050.3021396179793,-806.1659473439946,4688.987279079746
2018-04-25,2040.6489366647588,-859.3787771611145,4941.032846816895
2018-04-26,2028.770945072631,-677.6119890336836,4669.250558980938
2018-04-27,2014.9537023067296,-817.7334121634092,4877.173928549059
2018-04-28,1999.5741462644366,-797.3117403251996,4659.418443237831
2018-04-29,1983.08741541684,-765.6789112467674,4994.4139078102335
2018-04-30,1966.0115924702714,-915.3385439349074,4760.134670324629
2018-05-01,1948.910860272672,-855.1395686123915,4854.041612583431
2018-05-02,1932.377572639672,-974.7655679982107,4748.3987721857975
2018-05-03,1917.0137623682306,-901.303190172898,4920.257886137306
2018-05-04,1903.4126136651516,-808.572003747837,4609.359488957647
2018-05-05,1892.140416697019,-1036.5142395530513,4738.229815563242
2018-05-06,1883.719498491836,-895.8390432388092,4588.268549510752
2018-05-07,1878.6125879023584,-754.0689889081237,4585.819394010246
2018-05-08,1877.2090240171465,-830.5566969411408,4576.676121950551
2018-05-09,1879.8131588384751,-848.7942542276359,4562.537817144084
2018-05-10,1886.6352380207968,-830.4486380502868,4660.917711739304
2018-05-11,1897.7849700010934,-937.9999997536277,4747.577664047253
2018-05-12,1913.2679160792154,-1006.2197669181761,4666.582836182728
2018-05-13,1932.9847541543504,-730.5807636431583,5065.095497540914
2018-05-14,1956.7333891260337,-702.1967991926522,4729.615189049776
2018-05-15,1984.2138056194544,-1023.4046421322569,4766.095273436223
2018-05-16,2015.0354857788443,-926.1471298956794,4855.000421115852
2018-05-17,2048.7271483150807,-798.4906311865174,4664.362389026603
2018-05-18,2084.748506503484,-474.7792963594746,4810.064354961181
2018-05-19,2122.503693862253,-847.4054695751657,4912.0006119909285
2018-05-20,2161.355967951369,-703.4043631463055,4861.184023828794
2018-05-21,2200.643275978632,-841.3519996328148,4886.484364622976
2018-05-22,2239.694251159295,-652.4094015159502,5114.874030089086
2018-05-23,2277.8442062300956,-630.6190787687244,5001.160681411575
2018-05-24,2314.4506999657974,-307.43303840628073,4974.209364044869
2018-05-25,2348.9082734811955,-323.3537756541596,5120.629800343108
2018-05-26,2380.661984677062,-386.1253210743827,5001.297574777515
2018-05-27,2409.2194103124016,-299.3511665433716,5260.589583825877
2018-05-28,2434.160834488546,-270.8154688206441,5373.243603439256
2018-05-29,2455.1473982568114,-461.24877668417463,5184.466806744065
2018-05-30,2471.927045894905,-426.15879621265896,5254.207377374843
2018-05-31,2484.338167329479,-208.1431120058669,5208.152067857662
2018-06-01,2492.3109013366225,-460.6007970622764,5004.275424262662
2018-06-02,2495.866128675809,-447.0311266802713,5176.6627077166795
2018-06-03,2495.1122464023556,-334.4572896372236,5238.677950108763
2018-06-04,2490.2398725570997,-279.4642463557749,5284.341872296693
2018-06-05,2481.514682725239,-437.31929052378536,5337.61516773954
2018-06-06,2469.2686252216954,-259.89895593973125,5080.170753337344
2018-06-07,2453.889798811365,-347.64595310238064,5018.333423423679
2018-06-08,2435.811305022287,-442.7494956442888,5188.050537353698
2018-06-09,2415.499405711858,-432.556732145452,5092.3279831407435
2018-06-10,2393.4413252751933,-342.6995621525054,5091.9543675736595
2018-06-11,2370.1330357733245,-560.142856230122,5051.127150448444
2018-06-12,2346.0673525636957,-413.6398550208868,5092.625507751353
2018-06-13,2321.7226483166473,-400.47657806365515,5203.0068451145535
2018-06-14,2297.5524653818015,-655.5445761649464,4898.602525915019
2018-06-15,2273.976271371361,-559.9366074170105,5191.369491321641
2018-06-16,2251.371561756327,-449.1881340094745,5237.932303155156
2018-06-17,2230.0674675811583,-658.7494380843964,5233.0021973846615
2018-06-18,2210.339977566802,-503.70307396213525,5134.863478367581
2018-06-19,2192.4088333985464,-374.11314451559673,5104.424374727493
2018-06-20,2176.4361064290006,-555.075747978995,4893.6777117017145
2018-06-21,2162.526414859419,-692.0006525995619,5138.944257351505
2018-06-22,2150.7286941220045,-680.709642669903,4683.546287675644
2018-06-23,2141.0393909834675,-549.5841416234624,5049.857870178024
2018-06-24,2133.406914962655,-647.4103344391604,4796.596452515242
2018-06-25,2127.737149988748,-723.5816716215957,4929.493709649059
2018-06-26,2123.8998055635557,-705.2511412795453,5036.30491201363
2018-06-27,2121.7353705629357,-714.4480220875532,4847.464481233549
2018-06-28,2121.0624245094923,-668.3616544088623,5072.052236736036
